video_path,annotation,status,annotated_time
Dataset/panda/000/---azc0s53U-0:00:37.200-0:00:41.360.mp4,static,completed,2025-09-20 10:21:05
Dataset/panda/000/--37UfNPPlw-0:00:26.208-0:00:32.291.mp4,share food,completed,2025-09-19 16:47:08
Dataset/panda/000/--4h43TyorE-0:00:38.171-0:00:43.443.mp4,interview; tidy other's hair,completed,2025-09-20 10:21:01
Dataset/panda/000/--4h43TyorE-0:01:24.384-0:01:30.023.mp4,interview,completed,2025-09-20 10:44:46
Dataset/panda/000/--55EC6w55o-0:02:14.868-0:02:20.540.mp4,crowd; protest,completed,2025-09-20 10:45:14
Dataset/panda/000/--5gVbAaF_A-0:00:24.024-0:00:26.234.mp4,talking,completed,2025-09-20 10:45:34
Dataset/panda/000/--FJChk-svQ-0:00:46.679-0:00:48.815.mp4,talking,completed,2025-09-20 10:45:40
Dataset/panda/000/--FJChk-svQ-0:06:06.432-0:06:16.008.mp4,no interaction,completed,2025-09-20 10:46:03
Dataset/panda/000/--GrhIAtBEE-0:01:42.760-0:01:45.960.mp4,no interaction,completed,2025-09-20 10:46:15
Dataset/panda/000/--ISmWGsn5Q-0:00:35.200-0:00:38.160.mp4,no interaction,completed,2025-09-20 10:46:24
Dataset/panda/000/--KOE08bvxM-0:09:44.792-0:09:47.753.mp4,talking,completed,2025-09-20 10:46:36
Dataset/panda/000/--NRkmSQTCc-0:05:26.292-0:05:30.997.mp4,no interaction,completed,2025-09-20 10:46:49
Dataset/panda/000/--OboSGY3eI-0:00:06.539-0:00:09.676.mp4,crowd; protest,completed,2025-09-20 10:47:00
Dataset/panda/000/--OboSGY3eI-0:01:40.600-0:01:43.837.mp4,carnival,completed,2025-09-20 10:48:24
Dataset/panda/000/--OboSGY3eI-0:02:38.558-0:02:48.101.mp4,carnival,completed,2025-09-20 10:55:29
Dataset/panda/000/--ROUyGMPHY-0:01:18.400-0:01:22.440.mp4,static; hug,completed,2025-09-21 21:03:47
Dataset/panda/000/--ROUyGMPHY-0:07:03.760-0:07:12.880.mp4,static; chasing; playing soccer;,completed,2025-09-21 21:04:26
Dataset/panda/000/--ROUyGMPHY-0:08:49.760-0:08:53.800.mp4,static; interview,completed,2025-09-21 21:04:40
Dataset/panda/000/--VX0u52J5Y-0:02:50.879-0:02:53.923.mp4,eye contact; smiling at each other,completed,2025-09-21 21:06:24
Dataset/panda/000/--YVmDdzjp8-0:03:27.300-0:03:30.666.mp4,no interaction,completed,2025-09-21 21:06:45
Dataset/panda/000/--a03svTFmY-0:00:42.333-0:00:46.963.mp4,static; no interaction,completed,2025-09-21 21:20:43
Dataset/panda/000/--cowpkViOk-0:04:53.080-0:04:58.440.mp4,animation,completed,2025-09-21 21:18:09
Dataset/panda/000/--fdGt9nNCI-0:02:34.320-0:02:37.907.mp4,no interaction,completed,2025-09-21 21:20:29
Dataset/panda/000/--fdGt9nNCI-0:03:12.150-0:03:22.076.mp4,move things together,completed,2025-09-21 21:22:14
Dataset/panda/000/--iUBDb4UxM-0:01:10.695-0:01:15.408.mp4,makeup for others,completed,2025-09-21 21:24:37
Dataset/panda/000/--ln_8V9bUI-0:05:59.425-0:06:01.627.mp4,staring at another person,completed,2025-09-21 21:25:35
Dataset/panda/000/--ln_8V9bUI-0:09:53.125-0:09:58.497.mp4,talking,completed,2025-09-21 21:25:46
Dataset/panda/000/--nNyF7dx8U-0:02:05.425-0:02:11.965.mp4,no interaction,completed,2025-09-21 21:25:55
Dataset/panda/000/--riqXGA5uY-0:01:07.200-0:01:10.520.mp4,no interaction,completed,2025-09-21 21:26:02
Dataset/panda/000/--uCZjV_R44-0:02:58.100-0:03:03.433.mp4,lift someone up,completed,2025-09-21 21:26:27
Dataset/panda/000/--xYcoL_iEA-0:00:25.600-0:00:27.840.mp4,listen to someone,completed,2025-09-21 21:26:47
Dataset/panda/000/--ybWi24qrE-0:00:15.115-0:00:17.717.mp4,playing basketball,completed,2025-09-21 21:26:59
Dataset/panda/000/--yhkb7g9-0-0:07:42.133-0:07:50.633.mp4,replying to another person,completed,2025-09-21 21:28:25
Dataset/panda/000/--zXj3QSWE4-0:03:40.720-0:03:44.390.mp4,talking,completed,2025-09-21 21:28:37
Dataset/panda/000/-038Mp8XRLA-0:01:04.464-0:01:06.966.mp4,taking a group photo,completed,2025-09-21 21:29:28
Dataset/panda/000/-03tENfWmr8-0:01:10.470-0:01:13.940.mp4,no interaction,completed,2025-09-21 21:29:36
Dataset/panda/000/-04JqCPs5ps-0:01:10.870-0:01:13.206.mp4,talking,completed,2025-09-21 21:29:46
Dataset/panda/000/-0AUGX5VxX0-0:01:44.160-0:01:51.880.mp4,show someone something,completed,2025-09-21 21:30:12
Dataset/panda/000/-0AUHcCaUKs-0:01:40.600-0:01:47.040.mp4,playing rugby; hug,completed,2025-09-21 21:31:18
Dataset/panda/000/-0D0d8gbLGs-0:01:01.394-0:01:04.189.mp4,no interaction,completed,2025-09-21 21:31:27
Dataset/panda/000/-0KrfxYw-24-0:02:35.080-0:02:38.520.mp4,listen to someone,completed,2025-09-21 21:31:38
Dataset/panda/000/-0KrfxYw-24-0:05:36.080-0:05:38.880.mp4,celebration,completed,2025-09-21 21:32:00
Dataset/panda/000/-0N-LcU_4eM-0:00:24.640-0:00:30.160.mp4,touch one's hair,completed,2025-09-21 21:32:20
Dataset/panda/000/-0OXNingXKE-0:00:25.400-0:00:28.440.mp4,lack of face; guide another person,completed,2025-09-21 21:33:27
Dataset/panda/000/-0PmxtrxjGw-0:02:03.320-0:02:06.000.mp4,playing soccer,completed,2025-09-21 21:33:41
Dataset/panda/000/-0S8ymxmtwE-0:07:17.937-0:07:22.316.mp4,assist another person with flying,completed,2025-09-21 21:35:13
Dataset/panda/000/-0S8ymxmtwE-0:13:50.496-0:14:02.508.mp4,assist another person with flying,completed,2025-09-21 21:35:19
Dataset/panda/000/-0XOoM8qSek-0:00:48.882-0:00:50.925.mp4,no interaction,completed,2025-09-21 21:35:28
Dataset/panda/000/-0Xx-OZ-MRE-0:00:34.325-0:00:37.662.mp4,no interaction,completed,2025-09-21 21:35:37
Dataset/panda/000/-0ZCCtu_5eY-0:10:56.320-0:10:58.920.mp4,lack of face,completed,2025-09-21 21:35:43
Dataset/panda/000/-0_2564ctEg-0:02:18.905-0:02:21.040.mp4,share food,completed,2025-09-21 21:35:49
Dataset/panda/000/-0a53i6qPjs-0:00:00.480-0:00:04.680.mp4,wrapped video,completed,2025-09-21 21:38:00
Dataset/panda/000/-0a53i6qPjs-0:08:16.600-0:08:20.640.mp4,static; hug; back hug,completed,2025-09-21 21:39:52
Dataset/panda/000/-0e8QjeXdh0-0:06:54.920-0:06:58.120.mp4,wrapped video,completed,2025-09-21 21:40:01
Dataset/panda/000/-0eiv9YEqVY-0:01:16.034-0:01:23.374.mp4,introducing something to somebody,completed,2025-09-21 21:40:37
Dataset/panda/000/-0eiv9YEqVY-0:13:03.449-0:13:20.800.mp4,pushing tire,completed,2025-09-21 21:44:10
Dataset/panda/000/-0hUgzvnPzg-0:14:49.054-0:14:52.224.mp4,help another one cook,completed,2025-09-21 21:45:37
Dataset/panda/000/-0iVceImYZQ-0:04:23.730-0:04:30.036.mp4,introducing something to somebody,completed,2025-09-21 21:45:48
Dataset/panda/000/-0ixGxmYMso-0:04:47.240-0:04:52.440.mp4,taking photo together; hug,completed,2025-09-21 21:46:18
Dataset/panda/000/-0kUuGnnZwU-0:00:36.269-0:00:40.874.mp4,high five,completed,2025-09-21 21:46:41
Dataset/panda/000/-0q2Y_KvnsA-0:02:42.862-0:02:48.835.mp4,crowd; watching the match,completed,2025-09-21 21:47:37
Dataset/panda/000/-0qlM8xckJU-0:02:04.891-0:02:06.926.mp4,support someone in exercising,completed,2025-09-21 21:48:21
Dataset/panda/000/-0qlM8xckJU-0:03:49.662-0:03:53.433.mp4,support someone in exercising,completed,2025-09-21 21:48:28
Dataset/panda/000/-0s2G3Wh_S8-0:01:10.937-0:01:15.742.mp4,lack of face; no interaction,completed,2025-09-21 21:48:40
Dataset/panda/000/-0vIEwEby2Y-0:00:22.022-0:00:25.525.mp4,eye contact; talking,completed,2025-09-21 21:49:09
Dataset/panda/000/-0vIEwEby2Y-0:02:27.814-0:02:30.942.mp4,playing games,completed,2025-09-21 21:50:08
Dataset/panda/000/-0vIEwEby2Y-0:04:56.254-0:04:58.923.mp4,combat,completed,2025-09-21 21:50:17
Dataset/panda/000/-0vIEwEby2Y-0:06:13.748-0:06:15.833.mp4,comfort someone,completed,2025-09-21 21:50:36
Dataset/panda/000/-0vNoHB2ueI-0:07:18.604-0:07:21.482.mp4,lack of face; talking,completed,2025-09-21 21:50:49
Dataset/panda/000/-0vNoHB2ueI-0:10:25.583-0:10:29.503.mp4,guide someone,completed,2025-09-21 21:51:05
Dataset/panda/000/-0whKXugc-g-0:01:17.177-0:01:23.049.mp4,crowd; shopping; interview,completed,2025-09-21 21:51:43
Dataset/panda/000/-11FVcBb9Es-0:04:33.039-0:04:35.441.mp4,no interaction,completed,2025-09-21 21:51:57
Dataset/panda/000/-14HbmiUdmw-0:03:43.400-0:03:45.520.mp4,staring at another person,completed,2025-09-21 21:52:03
Dataset/panda/000/-17OHw9PnQ4-0:00:58.725-0:01:04.481.mp4,crowd; no interaction,completed,2025-09-21 21:52:19
Dataset/panda/000/-17UWjp4qjE-0:01:46.856-0:01:49.192.mp4,talk to someone,completed,2025-09-21 21:53:13
Dataset/panda/000/-1AMDgqnwaw-0:04:27.233-0:04:29.502.mp4,bike racing,completed,2025-09-21 21:52:46
Dataset/panda/000/-1Af7_9i_Vs-0:01:11.279-0:01:14.908.mp4,talking,completed,2025-09-21 21:53:20
Dataset/panda/000/-1AhEkXsW58-0:01:18.536-0:01:22.874.mp4,wrapped video,completed,2025-09-21 21:53:31
Dataset/panda/000/-1AhEkXsW58-0:11:21.639-0:11:24.642.mp4,static; introducing something to somebody,completed,2025-09-21 21:53:48
Dataset/panda/000/-1DYltEEICc-0:01:45.366-0:01:54.166.mp4,look at someone; line up,completed,2025-09-21 21:54:22
Dataset/panda/000/-1DYltEEICc-0:04:44.400-0:04:46.966.mp4,hit someone,completed,2025-09-21 21:54:30
Dataset/panda/000/-1E9t_imPXs-0:04:23.846-0:04:28.534.mp4,lack of face,completed,2025-09-21 21:54:37
Dataset/panda/000/-1FfG9kk3dk-0:02:37.657-0:02:40.460.mp4,static; help someone with work,completed,2025-09-21 21:55:08
Dataset/panda/000/-1FnOpDGYg8-0:01:21.581-0:01:26.986.mp4,static; staring at another person; playing basketball,completed,2025-09-21 21:55:30
Dataset/panda/000/-1IyD5dOpcg-0:00:40.040-0:00:49.000.mp4,playing soccer,completed,2025-09-21 21:55:41
Dataset/panda/000/-1O6R92eTL0-0:03:23.536-0:03:31.878.mp4,question someone,completed,2025-09-21 21:55:55
Dataset/panda/000/-1O6R92eTL0-0:09:51.007-0:09:55.678.mp4,talk to someone,completed,2025-09-21 21:56:10
Dataset/panda/000/-1RAskoj3WU-0:05:36.586-0:05:40.965.mp4,introducing something to somebody,completed,2025-09-21 21:56:15
Dataset/panda/000/-1RAskoj3WU-0:05:49.807-0:05:51.893.mp4,introducing something to somebody,completed,2025-09-21 21:56:21
Dataset/panda/000/-1RAskoj3WU-0:07:49.010-0:08:03.816.mp4,introducing something to somebody,completed,2025-09-21 21:56:27
Dataset/panda/000/-1RAskoj3WU-0:08:27.840-0:08:33.304.mp4,introducing something to somebody,completed,2025-09-21 21:56:32
Dataset/panda/000/-1Sot9o6LF4-0:09:16.764-0:09:20.851.mp4,introduce something,completed,2025-09-21 21:57:11
Dataset/panda/000/-1T9fYTVKUw-0:00:44.444-0:00:46.613.mp4,talk to someone,completed,2025-09-21 21:57:30
Dataset/panda/000/-1T9fYTVKUw-0:02:47.100-0:02:49.135.mp4,talking,completed,2025-09-21 21:57:40
Dataset/panda/000/-1Ut4pN5ctQ-0:01:48.066-0:01:54.030.mp4,bike racing; hug,completed,2025-09-21 21:57:55
Dataset/panda/000/-1_YVv3YlpM-0:04:06.480-0:04:10.800.mp4,interview,completed,2025-09-21 21:58:10
Dataset/panda/000/-1bGleMeJiI-0:02:24.480-0:02:28.520.mp4,help someone with work,completed,2025-09-21 21:58:16
Dataset/panda/000/-1bIKRZakGI-0:01:25.485-0:01:28.154.mp4,introducing something to someone,completed,2025-09-21 21:58:27
Dataset/panda/000/-1e8VONSAaE-0:00:16.960-0:00:24.000.mp4,playing soccer,completed,2025-09-21 21:58:41
Dataset/panda/000/-1mxvFot_G8-0:03:01.680-0:03:05.720.mp4,introduce something together,completed,2025-09-21 21:59:00
Dataset/panda/000/-1q1IUZWpA4-0:00:46.620-0:00:53.680.mp4,playing rugby,completed,2025-09-21 21:59:10
Dataset/panda/000/-1tNkA0BtyU-0:02:43.029-0:02:45.698.mp4,no interaction,completed,2025-09-21 21:59:20
Dataset/panda/000/-1vNwl9xIbs-0:01:27.800-0:01:35.640.mp4,introduce something,completed,2025-09-21 21:59:32
Dataset/panda/000/-21d433GNRg-0:05:23.442-0:05:27.369.mp4,lack of face,completed,2025-09-21 21:59:36
Dataset/panda/000/-227DQcgqF8-0:01:52.821-0:01:57.367.mp4,wrapped video,completed,2025-09-21 21:59:40
Dataset/panda/000/-23CzV0HEFE-0:06:52.560-0:06:55.720.mp4,introduce something together,completed,2025-09-21 22:00:10
Dataset/panda/000/-2EYBsKtuqo-0:04:42.048-0:04:46.286.mp4,crowd; swimming,completed,2025-09-21 22:00:27
Dataset/panda/000/-2IZzWmvLPA-0:00:27.927-0:00:36.503.mp4,crowd,completed,2025-09-21 22:00:36
Dataset/panda/000/-2Is252FCf0-0:00:51.518-0:01:03.496.mp4,crowd; group photo,completed,2025-09-21 22:00:48
Dataset/panda/000/-2Is252FCf0-0:02:34.454-0:02:41.427.mp4,,pending,
Dataset/panda/000/-2Kc_Hv45y0-0:08:37.916-0:08:45.958.mp4,,pending,
Dataset/panda/000/-2SDEUOxK34-0:01:27.320-0:01:30.120.mp4,,pending,
Dataset/panda/000/-2U0WRvt-8w-0:05:25.858-0:05:33.633.mp4,,pending,
Dataset/panda/000/-2W4V1-F_og-0:05:49.880-0:05:56.320.mp4,,pending,
Dataset/panda/000/-2YemXSx1YQ-0:03:29.375-0:03:32.178.mp4,,pending,
Dataset/panda/000/-2addX8GsLk-0:10:13.713-0:10:17.516.mp4,,pending,
Dataset/panda/000/-2coloF18As-0:06:12.660-0:06:15.100.mp4,,pending,
Dataset/panda/000/-2cwmKnthts-0:02:10.505-0:02:13.299.mp4,,pending,
Dataset/panda/000/-2l_4IAJaMw-0:12:28.300-0:12:31.966.mp4,,pending,
Dataset/panda/000/-2qbn1Jzxl8-0:00:16.725-0:00:23.523.mp4,,pending,
Dataset/panda/000/-2um5aS1XM4-0:00:27.127-0:00:30.864.mp4,,pending,
Dataset/panda/000/-2upzQKPnD8-0:11:44.520-0:11:52.760.mp4,,pending,
Dataset/panda/000/-2upzQKPnD8-0:14:16.000-0:14:28.920.mp4,,pending,
Dataset/panda/000/-2vchIlPNhg-0:02:18.488-0:02:22.242.mp4,,pending,
Dataset/panda/000/-2vuOMVbZ6k-0:03:55.485-0:03:59.447.mp4,,pending,
Dataset/panda/000/-2xOWLwaWvo-0:16:05.040-0:16:15.320.mp4,,pending,
Dataset/panda/000/-2yjp0NvKH8-0:01:34.627-0:01:40.567.mp4,,pending,
Dataset/panda/000/-3-5Y7u2xqI-0:00:49.332-0:00:52.819.mp4,,pending,
Dataset/panda/000/-3-5Y7u2xqI-0:01:18.044-0:01:21.664.mp4,,pending,
Dataset/panda/000/-3-5Y7u2xqI-0:01:44.654-0:01:50.343.mp4,,pending,
Dataset/panda/000/-3-DoRn5-IQ-0:03:34.560-0:03:36.840.mp4,,pending,
Dataset/panda/000/-30Yh15EYUA-0:00:29.720-0:00:32.640.mp4,,pending,
Dataset/panda/000/-30Yh15EYUA-0:00:45.360-0:00:50.840.mp4,,pending,
Dataset/panda/000/-31PLde9gnQ-0:03:31.444-0:03:34.948.mp4,,pending,
Dataset/panda/000/-35Tzc8MBPY-0:01:24.120-0:01:38.280.mp4,,pending,
Dataset/panda/000/-38pJPMPsWA-0:01:05.665-0:01:12.639.mp4,,pending,
Dataset/panda/000/-3ClyeuDIyw-0:06:17.280-0:06:22.640.mp4,,pending,
Dataset/panda/000/-3JXtGYfoFU-0:05:28.840-0:05:33.120.mp4,,pending,
Dataset/panda/000/-3KPDWF3pus-0:00:40.280-0:00:42.520.mp4,,pending,
Dataset/panda/000/-3LmySmxrDo-0:01:00.080-0:01:02.600.mp4,,pending,
Dataset/panda/000/-3LmySmxrDo-0:03:12.800-0:03:19.440.mp4,,pending,
Dataset/panda/000/-3VQGt0bnD4-0:36:45.870-0:36:49.040.mp4,,pending,
Dataset/panda/000/-3VyPR0S0LM-0:04:00.657-0:04:08.665.mp4,,pending,
Dataset/panda/000/-3VyPR0S0LM-0:04:15.046-0:04:19.092.mp4,,pending,
Dataset/panda/000/-3XYsNVAkhU-0:01:17.640-0:01:21.480.mp4,,pending,
Dataset/panda/000/-3XdEKouyMk-0:04:49.122-0:04:51.291.mp4,,pending,
Dataset/panda/000/-3ZCJktK_SI-0:03:08.680-0:03:10.840.mp4,,pending,
Dataset/panda/000/-3dwOJWXCSI-0:06:45.304-0:06:50.877.mp4,,pending,
Dataset/panda/000/-3eU-lWuyCc-0:05:09.309-0:05:14.689.mp4,,pending,
Dataset/panda/000/-3iMMw2na1A-0:10:10.276-0:10:13.070.mp4,,pending,
Dataset/panda/000/-3let3A7TU4-0:01:26.366-0:01:32.300.mp4,,pending,
Dataset/panda/000/-3nZvAxaFT4-0:01:11.160-0:01:14.560.mp4,,pending,
Dataset/panda/000/-3nZvAxaFT4-0:01:21.000-0:01:31.240.mp4,,pending,
Dataset/panda/000/-3nZvAxaFT4-0:02:43.880-0:02:50.320.mp4,,pending,
Dataset/panda/000/-3qcfxWKNpk-0:00:05.800-0:00:10.800.mp4,,pending,
Dataset/panda/000/-3rO6zKRvJA-0:02:09.195-0:02:18.972.mp4,,pending,
Dataset/panda/000/-3rbozRzw2E-0:01:34.511-0:01:49.234.mp4,,pending,
Dataset/panda/000/-3wxN3ILYBY-0:00:31.720-0:00:35.760.mp4,,pending,
Dataset/panda/000/-3x0AMNtMio-0:02:07.594-0:02:16.169.mp4,,pending,
Dataset/panda/000/-3z0350tJhg-0:01:29.589-0:01:31.891.mp4,,pending,
Dataset/panda/000/-43RzDPyoh8-0:01:07.901-0:01:14.707.mp4,,pending,
Dataset/panda/000/-43RzDPyoh8-0:02:07.360-0:02:10.663.mp4,,pending,
Dataset/panda/000/-4543rK-TOs-0:03:42.388-0:03:44.757.mp4,,pending,
Dataset/panda/000/-47aK91tFwE-0:01:48.960-0:01:54.400.mp4,,pending,
Dataset/panda/000/-47aK91tFwE-0:02:22.640-0:02:25.280.mp4,,pending,
Dataset/panda/000/-4AmyM1bTPs-0:11:14.300-0:11:17.450.mp4,,pending,
Dataset/panda/000/-4IVD5iGxFw-0:10:56.188-0:11:00.710.mp4,,pending,
Dataset/panda/000/-4M0By94YIM-0:07:40.493-0:07:43.830.mp4,,pending,
Dataset/panda/000/-4MKCdWh1FI-0:01:26.753-0:01:31.057.mp4,,pending,
Dataset/panda/000/-4TA1TAASsI-0:08:37.083-0:08:44.557.mp4,,pending,
Dataset/panda/000/-4XFouIm18M-0:02:53.506-0:03:05.268.mp4,,pending,
Dataset/panda/000/-4dQNP7LAvA-0:02:40.180-0:02:44.400.mp4,,pending,
Dataset/panda/000/-4dXYWsewck-0:04:39.512-0:04:44.284.mp4,,pending,
Dataset/panda/000/-4f_1HYnTcM-0:00:46.046-0:00:49.924.mp4,,pending,
Dataset/panda/000/-4he51VjX1s-0:05:35.240-0:05:45.560.mp4,,pending,
Dataset/panda/000/-4lVfrTcr0c-0:08:24.600-0:08:31.200.mp4,,pending,
Dataset/panda/000/-4nmR7dCoxU-0:01:32.058-0:01:34.761.mp4,,pending,
Dataset/panda/000/-4o5eS7V9dE-0:00:56.389-0:01:02.103.mp4,,pending,
Dataset/panda/000/-4oLIQRR53s-0:00:26.860-0:00:38.872.mp4,,pending,
Dataset/panda/000/-4oLyjcgkn0-0:00:00.500-0:00:04.500.mp4,,pending,
Dataset/panda/000/-4oLyjcgkn0-0:00:05.500-0:00:09.580.mp4,,pending,
Dataset/panda/000/-4oLyjcgkn0-0:00:10.500-0:00:14.020.mp4,,pending,
Dataset/panda/000/-4roFUyju88-0:02:35.588-0:02:38.258.mp4,,pending,
Dataset/panda/000/-4tGekM6-HA-0:02:08.480-0:02:12.360.mp4,,pending,
Dataset/panda/000/-51eXBhFbSk-0:07:30.833-0:07:34.003.mp4,,pending,
Dataset/panda/000/-55IAwsnK9g-0:00:32.991-0:00:37.871.mp4,,pending,
Dataset/panda/000/-58Ck2S5W4Y-0:08:27.760-0:08:31.840.mp4,,pending,
Dataset/panda/000/-5AFR9KEkBA-0:07:43.360-0:07:47.440.mp4,,pending,
Dataset/panda/000/-5AaUB7Cgzg-0:05:31.631-0:05:39.105.mp4,,pending,
Dataset/panda/000/-5DNd9E4Llo-0:01:42.969-0:01:47.574.mp4,,pending,
Dataset/panda/000/-5FIOVPbEuc-0:00:00.458-0:00:04.504.mp4,,pending,
Dataset/panda/000/-5IbZU0AO3A-0:03:01.760-0:03:04.880.mp4,,pending,
Dataset/panda/000/-5K9IE--BH8-0:04:27.684-0:04:30.920.mp4,,pending,
Dataset/panda/000/-5KEgq1f7J0-0:06:21.506-0:06:24.842.mp4,,pending,
Dataset/panda/000/-5KTi_GGfKo-0:05:23.823-0:05:26.309.mp4,,pending,
Dataset/panda/000/-5NZaH0AYsM-0:04:56.566-0:05:00.166.mp4,,pending,
Dataset/panda/000/-5ReoIc3C_o-0:06:29.138-0:06:36.020.mp4,,pending,
Dataset/panda/000/-5ReoIc3C_o-0:11:21.013-0:11:23.099.mp4,,pending,
Dataset/panda/000/-5ReoIc3C_o-0:22:06.658-0:22:09.369.mp4,,pending,
Dataset/panda/000/-5TWQ3RFj88-0:00:48.280-0:00:52.120.mp4,,pending,
Dataset/panda/000/-5i0p5f7SWo-0:01:12.040-0:01:20.040.mp4,,pending,
Dataset/panda/000/-5kBOrWjBJ4-0:00:17.517-0:00:21.287.mp4,,pending,
Dataset/panda/000/-5oHLaZWHYg-0:14:55.628-0:15:01.333.mp4,,pending,
Dataset/panda/000/-5oHLaZWHYg-0:17:14.833-0:17:17.169.mp4,,pending,
Dataset/panda/000/-5ovcxba0_c-0:01:19.162-0:01:21.331.mp4,,pending,
Dataset/panda/000/-5pr2bW4ry4-0:00:11.244-0:00:21.888.mp4,,pending,
Dataset/panda/000/-5rDMfcIt9g-0:01:28.838-0:01:31.549.mp4,,pending,
Dataset/panda/000/-5uw1E81B9c-0:07:52.560-0:07:55.200.mp4,,pending,
Dataset/panda/000/-5uw1E81B9c-0:16:43.760-0:16:47.000.mp4,,pending,
Dataset/panda/000/-5uw1E81B9c-0:33:16.120-0:33:19.000.mp4,,pending,
Dataset/panda/000/-5uw1E81B9c-0:55:12.200-0:55:14.840.mp4,,pending,
Dataset/panda/000/-5uw1E81B9c-1:38:02.320-1:38:05.640.mp4,,pending,
Dataset/panda/000/-5zwc5pE4AY-0:15:58.880-0:16:01.640.mp4,,pending,
Dataset/panda/000/-5zwc5pE4AY-0:42:31.600-0:42:34.880.mp4,,pending,
Dataset/panda/000/-6-p-_XCpWQ-0:01:26.461-0:01:29.255.mp4,,pending,
Dataset/panda/000/-64wZkdPRew-0:10:41.400-0:10:43.560.mp4,,pending,
Dataset/panda/000/-64wZkdPRew-0:25:45.840-0:25:53.960.mp4,,pending,
Dataset/panda/000/-65eyWcCAY4-0:03:45.840-0:03:49.800.mp4,,pending,
Dataset/panda/000/-65nRNFagR8-0:02:42.328-0:02:47.934.mp4,,pending,
Dataset/panda/000/-67dMcXTZ2o-0:10:34.258-0:10:39.597.mp4,,pending,
Dataset/panda/000/-68IgxtIA58-0:05:40.350-0:05:55.250.mp4,,pending,
Dataset/panda/000/-69Fz8I7UWo-0:01:57.200-0:02:04.120.mp4,,pending,
Dataset/panda/000/-69Q8ZDO1Gg-0:00:51.051-0:00:56.389.mp4,,pending,
Dataset/panda/000/-6BXBI4KkwY-0:03:50.730-0:04:01.407.mp4,,pending,
Dataset/panda/000/-6EsJo_7BcQ-0:06:37.547-0:06:39.966.mp4,,pending,
Dataset/panda/000/-6JUVqvqMQg-0:01:56.933-0:01:59.300.mp4,,pending,
Dataset/panda/000/-6Na9vPivD4-0:01:28.630-0:01:36.846.mp4,,pending,
Dataset/panda/000/-6Na9vPivD4-0:02:27.689-0:02:30.358.mp4,,pending,
Dataset/panda/000/-6NdLh9-WYU-0:05:28.227-0:05:32.865.mp4,,pending,
Dataset/panda/000/-6YUOT1ZdqI-0:03:47.927-0:03:52.599.mp4,,pending,
Dataset/panda/000/-6Yn5t87K08-0:00:16.920-0:00:21.040.mp4,,pending,
Dataset/panda/000/-6ZIzbdsMwE-0:01:36.896-0:01:40.100.mp4,,pending,
Dataset/panda/000/-6cO2IG6Z_Y-0:00:44.335-0:00:47.714.mp4,,pending,
Dataset/panda/000/-6cO2IG6Z_Y-0:03:57.946-0:04:00.073.mp4,,pending,
Dataset/panda/000/-6cO2IG6Z_Y-0:06:51.744-0:06:53.830.mp4,,pending,
Dataset/panda/000/-6cO2IG6Z_Y-0:10:15.865-0:10:17.908.mp4,,pending,
Dataset/panda/000/-6cO2IG6Z_Y-0:11:06.957-0:11:10.336.mp4,,pending,
Dataset/panda/000/-6cxX8_QQeM-0:03:31.477-0:03:34.714.mp4,,pending,
Dataset/panda/000/-6e9QeZUSLY-0:14:18.324-0:14:27.132.mp4,,pending,
Dataset/panda/000/-6eDN3X1Fnk-0:00:25.859-0:00:34.409.mp4,,pending,
Dataset/panda/000/-6eVEPFJr5c-0:34:44.400-0:34:47.920.mp4,,pending,
Dataset/panda/000/-6fvOnkgJXw-0:01:20.413-0:01:23.583.mp4,,pending,
Dataset/panda/000/-6jAqNEgzQ0-0:04:19.242-0:04:23.913.mp4,,pending,
Dataset/panda/000/-6kTPQhd1u4-0:05:34.500-0:05:37.166.mp4,,pending,
Dataset/panda/000/-6otKjnySJw-0:02:38.024-0:02:40.727.mp4,,pending,
Dataset/panda/000/-6qoSSkCBcI-0:05:50.350-0:06:02.487.mp4,,pending,
Dataset/panda/000/-6wM8GGvPLU-0:00:58.160-0:01:00.800.mp4,,pending,
Dataset/panda/000/-6x1vX9pA_I-0:02:24.769-0:02:38.032.mp4,,pending,
Dataset/panda/000/-750OcD7EpE-0:01:34.233-0:01:40.866.mp4,,pending,
Dataset/panda/000/-78S4VPSxEs-0:02:49.936-0:03:01.781.mp4,,pending,
Dataset/panda/000/-7BbN3cugBU-0:09:08.240-0:09:12.280.mp4,,pending,
Dataset/panda/000/-7DMuCOxpHA-0:14:26.749-0:14:29.368.mp4,,pending,
Dataset/panda/000/-7OUqLRmGPM-0:00:10.468-0:00:12.679.mp4,,pending,
Dataset/panda/000/-7QTYnlyJS4-0:00:17.160-0:00:19.240.mp4,,pending,
Dataset/panda/000/-7VOOF__zKk-0:00:30.372-0:00:32.915.mp4,,pending,
Dataset/panda/000/-7VOOF__zKk-0:05:05.847-0:05:08.745.mp4,,pending,
Dataset/panda/000/-7VUdzVCkEU-0:00:57.140-0:00:59.559.mp4,,pending,
Dataset/panda/000/-7VfTCGtGvI-0:06:56.733-0:06:59.133.mp4,,pending,
Dataset/panda/000/-7Vq6M_UYSg-0:00:20.960-0:00:24.400.mp4,,pending,
Dataset/panda/000/-7ckL4o6-kk-0:07:44.680-0:07:49.760.mp4,,pending,
Dataset/panda/000/-7ckL4o6-kk-0:08:31.040-0:08:33.680.mp4,,pending,
Dataset/panda/000/-7ckL4o6-kk-0:10:27.800-0:10:31.640.mp4,,pending,
Dataset/panda/000/-7flih0Jfic-0:03:07.560-0:03:11.720.mp4,,pending,
Dataset/panda/000/-7hwPmui1nE-0:00:17.760-0:00:21.880.mp4,,pending,
Dataset/panda/000/-7mdeRR_7h8-0:00:00.250-0:00:02.293.mp4,,pending,
Dataset/panda/000/-7mfsdBXgrk-0:02:51.280-0:02:54.040.mp4,,pending,
Dataset/panda/000/-7o2ik6SuVs-0:01:09.861-0:01:12.864.mp4,,pending,
Dataset/panda/000/-7rI_eWp-HU-0:01:45.522-0:01:50.235.mp4,,pending,
Dataset/panda/000/-7rMHpqGjNQ-0:01:54.572-0:01:58.618.mp4,,pending,
Dataset/panda/000/-7rXO9ER0_4-0:00:18.485-0:00:20.520.mp4,,pending,
Dataset/panda/000/-7sXsl-yrYA-0:02:04.724-0:02:12.499.mp4,,pending,
Dataset/panda/000/-7tX559lsgc-0:01:19.712-0:01:24.417.mp4,,pending,
Dataset/panda/000/-7tX559lsgc-0:01:48.842-0:01:53.213.mp4,,pending,
Dataset/panda/000/-7v3NYGNgjg-0:01:06.199-0:01:11.571.mp4,,pending,
Dataset/panda/000/-7wRieVfLu4-0:00:00.580-0:00:05.220.mp4,,pending,
Dataset/panda/000/-7wRieVfLu4-0:09:56.080-0:10:02.020.mp4,,pending,
Dataset/panda/000/-80Qdixrvmo-0:07:55.725-0:07:58.853.mp4,,pending,
Dataset/panda/000/-81pbG2K6H8-0:00:21.280-0:00:25.320.mp4,,pending,
Dataset/panda/000/-81pbG2K6H8-0:06:14.880-0:06:20.080.mp4,,pending,
Dataset/panda/000/-8AvkF6jge0-0:05:06.739-0:05:17.450.mp4,,pending,
Dataset/panda/000/-8D8AYN-C-Y-0:00:44.944-0:00:47.814.mp4,,pending,
Dataset/panda/000/-8Ep_OH36DM-0:02:01.360-0:02:03.880.mp4,,pending,
Dataset/panda/000/-8JCVzvR560-0:02:03.600-0:02:07.120.mp4,,pending,
Dataset/panda/000/-8LCcCeJ-0s-0:00:16.360-0:00:22.120.mp4,,pending,
Dataset/panda/000/-8Mqt0mZUss-0:00:49.480-0:00:58.520.mp4,,pending,
Dataset/panda/000/-8ON1ubutq4-0:11:48.800-0:11:51.360.mp4,,pending,
Dataset/panda/000/-8ZPipyGWLg-0:03:31.240-0:03:43.960.mp4,,pending,
Dataset/panda/000/-8ZPipyGWLg-0:04:53.560-0:05:00.400.mp4,,pending,
Dataset/panda/000/-8ZlHZ6qfdQ-0:00:10.969-0:00:13.054.mp4,,pending,
Dataset/panda/000/-8aS2bJZBNc-0:00:17.217-0:00:22.956.mp4,,pending,
Dataset/panda/000/-8cptIxHaYM-0:03:23.603-0:03:33.213.mp4,,pending,
Dataset/panda/000/-8csO8o_f_w-0:05:21.020-0:05:28.860.mp4,,pending,
Dataset/panda/000/-8eTd_xSUg0-0:04:57.797-0:05:01.175.mp4,,pending,
Dataset/panda/000/-8eTd_xSUg0-0:05:23.197-0:05:27.243.mp4,,pending,
Dataset/panda/000/-8h9JuItY_M-0:03:45.880-0:03:50.080.mp4,,pending,
Dataset/panda/000/-8iqmiOEZrg-0:01:25.293-0:01:28.421.mp4,,pending,
Dataset/panda/000/-8j57qNl0R0-0:00:00.300-0:00:02.802.mp4,,pending,
Dataset/panda/000/-8j57qNl0R0-0:03:43.990-0:03:49.562.mp4,,pending,
Dataset/panda/000/-8j57qNl0R0-0:04:50.490-0:04:53.059.mp4,,pending,
Dataset/panda/000/-8j57qNl0R0-0:05:33.900-0:05:37.136.mp4,,pending,
Dataset/panda/000/-8j57qNl0R0-0:10:23.189-0:10:27.093.mp4,,pending,
Dataset/panda/000/-8lAgjub9TU-0:05:21.454-0:05:25.291.mp4,,pending,
Dataset/panda/000/-8sNERp54zY-0:00:06.573-0:00:14.014.mp4,,pending,
Dataset/panda/000/-8v2u0f_6IA-0:03:14.960-0:03:17.520.mp4,,pending,
Dataset/panda/000/-8yjx8X6_7o-0:01:57.784-0:02:01.746.mp4,,pending,
Dataset/panda/000/-902UXuGH8M-0:00:37.533-0:00:42.266.mp4,,pending,
Dataset/panda/000/-932_pU21EI-0:04:35.880-0:04:38.520.mp4,,pending,
Dataset/panda/000/-932_pU21EI-0:07:40.840-0:07:46.320.mp4,,pending,
Dataset/panda/000/-975DTXU8vc-0:05:44.960-0:05:47.240.mp4,,pending,
Dataset/panda/000/-9Ae0M289bk-0:02:54.382-0:03:07.729.mp4,,pending,
Dataset/panda/000/-9CbMuZXAC8-0:00:42.876-0:00:45.045.mp4,,pending,
Dataset/panda/000/-9HDjVKkna4-0:03:30.810-0:03:39.452.mp4,,pending,
Dataset/panda/000/-9JfzsN7J1U-0:03:21.484-0:03:23.753.mp4,,pending,
Dataset/panda/000/-9JfzsN7J1U-0:03:24.454-0:03:27.941.mp4,,pending,
Dataset/panda/000/-9O2lSccONg-0:02:15.401-0:02:20.340.mp4,,pending,
Dataset/panda/000/-9S_VyK487A-0:01:44.200-0:01:47.120.mp4,,pending,
Dataset/panda/000/-9Vyb9XoWrs-0:01:44.000-0:01:47.240.mp4,,pending,
Dataset/panda/000/-9WBQM6tGLM-0:15:21.960-0:15:27.880.mp4,,pending,
Dataset/panda/000/-9ZKUjdpX0I-0:11:27.083-0:11:32.916.mp4,,pending,
Dataset/panda/000/-9cN0J_cF-s-0:05:35.835-0:05:38.588.mp4,,pending,
Dataset/panda/000/-9gcZaCK3Ss-0:01:04.708-0:01:14.333.mp4,,pending,
Dataset/panda/000/-9lbGF3Joi8-0:01:07.133-0:01:09.736.mp4,,pending,
Dataset/panda/000/-9lplLO9UmU-0:00:50.080-0:00:55.800.mp4,,pending,
Dataset/panda/000/-9nbObHF_0M-0:00:55.055-0:00:59.100.mp4,,pending,
Dataset/panda/000/-9oZxZsdUsM-0:05:58.680-0:06:01.200.mp4,,pending,
Dataset/panda/000/-9ppGaMJRFI-0:00:47.880-0:00:52.080.mp4,,pending,
Dataset/panda/000/-9yY-M2QLpY-0:00:44.544-0:00:47.514.mp4,,pending,
Dataset/panda/000/-A6Jl0m8RCI-0:00:59.159-0:01:01.361.mp4,,pending,
Dataset/panda/000/-AB_znetvII-0:00:46.120-0:00:49.280.mp4,,pending,
Dataset/panda/000/-AB_znetvII-0:01:55.400-0:01:57.840.mp4,,pending,
Dataset/panda/000/-AD90mUQ5FA-0:01:05.365-0:01:13.907.mp4,,pending,
Dataset/panda/000/-ADD1DUZ_Pw-0:03:14.068-0:03:16.237.mp4,,pending,
Dataset/panda/000/-AN2W4G9rPY-0:34:57.200-0:35:00.520.mp4,,pending,
Dataset/panda/000/-ARejkQODrk-0:03:21.708-0:03:27.000.mp4,,pending,
Dataset/panda/000/-ASPQnZtsI0-0:00:26.985-0:00:35.035.mp4,,pending,
Dataset/panda/000/-AVAwC_qNcM-0:04:22.562-0:04:26.099.mp4,,pending,
Dataset/panda/000/-AWHNuSlq2A-0:01:18.787-0:01:24.125.mp4,,pending,
Dataset/panda/000/-AWHNuSlq2A-0:15:49.031-0:15:51.408.mp4,,pending,
Dataset/panda/000/-AWITqAtpoA-0:04:48.200-0:04:52.833.mp4,,pending,
Dataset/panda/000/-AYRPjhQryU-0:01:16.880-0:01:21.360.mp4,,pending,
Dataset/panda/000/-AYi24XJrFs-0:01:22.880-0:01:25.880.mp4,,pending,
Dataset/panda/000/-AcIwqv6Tj8-0:03:28.666-0:03:36.674.mp4,,pending,
Dataset/panda/000/-AgFofyLlks-0:07:26.880-0:07:31.380.mp4,,pending,
Dataset/panda/000/-AhMQB1ytVo-0:07:11.664-0:07:14.066.mp4,,pending,
Dataset/panda/000/-Al1kDXYg_w-0:00:59.325-0:01:02.595.mp4,,pending,
Dataset/panda/000/-AnsSiYbwPU-0:02:05.658-0:02:08.561.mp4,,pending,
Dataset/panda/000/-Ap2cmS6Hwc-0:08:57.383-0:09:00.566.mp4,,pending,
Dataset/panda/000/-ApkuWFLjDY-0:00:27.127-0:00:29.529.mp4,,pending,
Dataset/panda/000/-AqF-2Htv-I-0:06:13.760-0:06:17.000.mp4,,pending,
Dataset/panda/000/-AqF-2Htv-I-0:09:12.440-0:09:16.480.mp4,,pending,
Dataset/panda/000/-Aw8qj3lz0Y-0:00:16.360-0:00:18.920.mp4,,pending,
Dataset/panda/000/-Aw8qj3lz0Y-0:18:55.600-0:18:58.160.mp4,,pending,
Dataset/panda/000/-Ax03FpfQRk-0:01:00.440-0:01:05.600.mp4,,pending,
Dataset/panda/000/-Ax03FpfQRk-0:01:41.560-0:01:48.560.mp4,,pending,
Dataset/panda/000/-B3NEelv1aQ-0:07:31.367-0:07:41.043.mp4,,pending,
Dataset/panda/000/-B5YXwAP_4o-0:00:35.960-0:00:41.480.mp4,,pending,
Dataset/panda/000/-B5YXwAP_4o-0:03:17.920-0:03:21.800.mp4,,pending,
Dataset/panda/000/-B6i4sng-6g-0:00:37.375-0:00:42.291.mp4,,pending,
Dataset/panda/000/-BECXEzQGKs-0:02:53.047-0:02:55.508.mp4,,pending,
Dataset/panda/000/-BHrYe3ARxM-0:03:54.300-0:03:56.603.mp4,,pending,
Dataset/panda/000/-BI9Tw_s38A-0:01:47.357-0:01:50.026.mp4,,pending,
Dataset/panda/000/-BKnE-pCsRk-0:00:25.992-0:00:35.869.mp4,,pending,
Dataset/panda/000/-BL0PZLOcI4-0:02:23.560-0:02:28.640.mp4,,pending,
Dataset/panda/000/-BPchF9ppSA-0:01:15.120-0:01:19.240.mp4,,pending,
Dataset/panda/000/-BQRiS65CYk-0:08:19.999-0:08:29.383.mp4,,pending,
Dataset/panda/000/-BQRiS65CYk-0:09:26.983-0:09:30.194.mp4,,pending,
Dataset/panda/000/-BSoK8vkfkI-0:13:18.960-0:13:24.280.mp4,,pending,
Dataset/panda/000/-BXsMRwll_0-0:06:46.120-0:06:48.200.mp4,,pending,
Dataset/panda/000/-B_OpX7c3B8-0:02:41.077-0:02:44.122.mp4,,pending,
Dataset/panda/000/-Ba6avoEW4U-0:02:09.480-0:02:15.880.mp4,,pending,
Dataset/panda/000/-BbDDJAC8T0-0:05:24.640-0:05:27.880.mp4,,pending,
Dataset/panda/000/-BbRF_aIoz4-0:01:00.577-0:01:03.129.mp4,,pending,
Dataset/panda/000/-Beq3x4K-xA-0:03:51.280-0:04:09.200.mp4,,pending,
Dataset/panda/000/-BfAIDiqm08-0:06:46.489-0:06:50.118.mp4,,pending,
Dataset/panda/000/-BhHaX27imY-0:12:39.825-0:12:43.028.mp4,,pending,
Dataset/panda/000/-BqPAlEvrb0-0:01:50.080-0:01:54.120.mp4,,pending,
Dataset/panda/000/-BqPAlEvrb0-0:06:16.040-0:06:20.080.mp4,,pending,
Dataset/panda/000/-BqVv0dDvhM-0:09:21.978-0:09:27.650.mp4,,pending,
Dataset/panda/000/-BqXm8x2--0-0:01:14.307-0:01:16.776.mp4,,pending,
Dataset/panda/000/-BxPe-GjnMQ-0:01:34.160-0:01:41.800.mp4,,pending,
Dataset/panda/000/-Bz8BlQFAiE-0:09:01.499-0:09:05.878.mp4,,pending,
Dataset/panda/000/-C-QkGyrFGI-0:02:07.520-0:02:11.360.mp4,,pending,
Dataset/panda/000/-C3HThxuj0Q-0:02:11.464-0:02:13.633.mp4,,pending,
Dataset/panda/000/-C6WFPtqCrU-0:02:54.841-0:02:57.552.mp4,,pending,
Dataset/panda/000/-C7UwA_SQZY-0:00:27.093-0:00:29.963.mp4,,pending,
Dataset/panda/000/-C7UwA_SQZY-0:04:28.134-0:04:34.841.mp4,,pending,
Dataset/panda/000/-CCJlvDjN0U-0:05:03.320-0:05:07.680.mp4,,pending,
Dataset/panda/000/-CEda3luJyk-0:14:01.440-0:14:07.279.mp4,,pending,
Dataset/panda/000/-CGPTsamwUc-0:01:46.648-0:01:49.692.mp4,,pending,
Dataset/panda/000/-CHfmSvbaTw-0:00:27.440-0:00:30.360.mp4,,pending,
Dataset/panda/000/-CKzCdneg04-0:00:25.984-0:00:28.653.mp4,,pending,
Dataset/panda/000/-CM8y1RXSxs-0:00:10.280-0:00:13.320.mp4,,pending,
Dataset/panda/000/-CMizfNmOkU-0:02:23.960-0:02:26.640.mp4,,pending,
Dataset/panda/000/-CQr1cOa24o-0:02:34.387-0:02:39.225.mp4,,pending,
Dataset/panda/000/-CSRj3WTyjw-0:03:46.733-0:03:55.233.mp4,,pending,
Dataset/panda/000/-CSiL06rxKY-0:17:00.760-0:17:05.280.mp4,,pending,
Dataset/panda/000/-CSiL06rxKY-0:17:26.200-0:17:30.000.mp4,,pending,
Dataset/panda/000/-CSiL06rxKY-0:22:12.640-0:22:15.560.mp4,,pending,
Dataset/panda/000/-CTCHt1PCeM-0:03:14.680-0:03:18.480.mp4,,pending,
Dataset/panda/000/-CTuHRmJgiU-0:00:20.603-0:00:24.858.mp4,,pending,
Dataset/panda/000/-CTuHRmJgiU-0:10:07.857-0:10:10.568.mp4,,pending,
Dataset/panda/000/-CXpJJh36Uw-0:02:40.660-0:02:44.289.mp4,,pending,
Dataset/panda/000/-CYVDiDfjnY-0:02:34.521-0:02:38.191.mp4,,pending,
Dataset/panda/000/-CYVDiDfjnY-0:32:55.306-0:32:59.944.mp4,,pending,
Dataset/panda/000/-C_W4Me94lc-0:08:55.166-0:09:12.541.mp4,,pending,
Dataset/panda/000/-C_meAzbQNg-0:02:19.480-0:02:22.600.mp4,,pending,
Dataset/panda/000/-Cbhln-4aag-0:00:48.960-0:00:55.560.mp4,,pending,
Dataset/panda/000/-Cbhln-4aag-0:01:09.440-0:01:11.520.mp4,,pending,
Dataset/panda/000/-Cbhln-4aag-0:01:43.000-0:01:46.320.mp4,,pending,
Dataset/panda/000/-Cbnq31MOrs-0:05:14.080-0:05:18.120.mp4,,pending,
Dataset/panda/000/-CerkKulu3s-0:01:10.760-0:01:13.480.mp4,,pending,
Dataset/panda/000/-CfqcUJnoCA-0:02:31.784-0:02:34.988.mp4,,pending,
Dataset/panda/000/-CfqcUJnoCA-0:02:37.857-0:02:42.362.mp4,,pending,
Dataset/panda/000/-CkFBnk4Cvc-0:05:43.042-0:05:46.879.mp4,,pending,
Dataset/panda/000/-CpBO76pJDw-0:00:41.360-0:00:44.200.mp4,,pending,
Dataset/panda/000/-CwJBYXS1-Q-0:03:07.921-0:03:12.825.mp4,,pending,
Dataset/panda/000/-CyUvBfPgfg-0:03:05.120-0:03:14.040.mp4,,pending,
Dataset/panda/000/-D20d0WyNBo-0:01:28.838-0:01:31.800.mp4,,pending,
Dataset/panda/000/-D2xKS2o9EM-0:01:17.327-0:01:25.668.mp4,,pending,
Dataset/panda/000/-D5LgOogEow-0:00:12.160-0:00:16.720.mp4,,pending,
Dataset/panda/000/-D5LgOogEow-0:01:41.600-0:01:44.960.mp4,,pending,
Dataset/panda/000/-D7zTC5wgUc-0:00:06.506-0:00:18.485.mp4,,pending,
Dataset/panda/000/-D9xXh9P9ec-0:04:50.999-0:04:58.214.mp4,,pending,
Dataset/panda/000/-D9zATwkGqs-0:04:33.606-0:04:43.216.mp4,,pending,
Dataset/panda/000/-DEl4PCwIzg-0:03:28.942-0:03:32.278.mp4,,pending,
Dataset/panda/000/-DG2h5fdaQ4-0:02:48.334-0:02:50.537.mp4,,pending,
Dataset/panda/000/-DGRI18PDwA-0:01:09.402-0:01:18.244.mp4,,pending,
Dataset/panda/000/-DJ-e7HfB5k-0:06:02.570-0:06:07.325.mp4,,pending,
Dataset/panda/000/-DJaSpY4AtU-0:10:20.119-0:10:25.333.mp4,,pending,
Dataset/panda/000/-DNG5LN8e_M-0:07:21.320-0:07:25.800.mp4,,pending,
Dataset/panda/000/-DOYChLhahA-0:06:56.916-0:07:02.839.mp4,,pending,
Dataset/panda/000/-DQKUqXqILg-0:06:35.395-0:06:39.766.mp4,,pending,
Dataset/panda/000/-DQpM2qXmUA-0:22:07.292-0:22:11.863.mp4,,pending,
Dataset/panda/000/-DQpM2qXmUA-0:34:10.982-0:34:20.591.mp4,,pending,
Dataset/panda/000/-DSIqUTRTkg-0:03:30.293-0:03:33.755.mp4,,pending,
Dataset/panda/000/-DVX0qQXdkU-0:04:50.707-0:04:56.612.mp4,,pending,
Dataset/panda/000/-DXCtGr0DVI-0:06:52.795-0:06:55.515.mp4,,pending,
Dataset/panda/000/-DXQJLwDAwg-0:00:00.542-0:00:04.879.mp4,,pending,
Dataset/panda/000/-DayHi4rrqQ-0:02:09.913-0:02:13.867.mp4,,pending,
Dataset/panda/000/-Dj6XcjInx4-0:02:48.001-0:02:55.475.mp4,,pending,
Dataset/panda/000/-DnnmL5VIjA-0:00:22.100-0:00:26.800.mp4,,pending,
Dataset/panda/000/-DoTPZSGze0-0:00:16.291-0:00:19.291.mp4,,pending,
Dataset/panda/000/-Dtb8o0Fdbo-0:00:54.840-0:01:08.960.mp4,,pending,
Dataset/panda/000/-DzZgbU9_VA-0:00:35.360-0:00:38.640.mp4,,pending,
Dataset/panda/000/-E-Y-FfBwBM-0:01:11.504-0:01:14.474.mp4,,pending,
Dataset/panda/000/-E0fV4Cx-m8-0:01:23.500-0:01:29.089.mp4,,pending,
Dataset/panda/000/-E10AcydCuk-0:00:43.410-0:00:47.814.mp4,,pending,
Dataset/panda/000/-E79qAYLfcU-0:00:36.000-0:00:39.960.mp4,,pending,
Dataset/panda/000/-E8bjM2ixs8-0:03:25.880-0:03:29.200.mp4,,pending,
Dataset/panda/000/-E9KttEL9sQ-0:05:14.440-0:05:31.000.mp4,,pending,
Dataset/panda/000/-EBd12vY7Bs-0:01:55.600-0:02:10.960.mp4,,pending,
Dataset/panda/000/-EC0FibQdB4-0:01:53.947-0:01:56.991.mp4,,pending,
Dataset/panda/000/-EC0FibQdB4-0:02:57.010-0:03:02.432.mp4,,pending,
Dataset/panda/000/-EC0FibQdB4-0:03:20.992-0:03:25.038.mp4,,pending,
Dataset/panda/000/-EC0FibQdB4-0:03:38.927-0:03:41.679.mp4,,pending,
Dataset/panda/000/-EDVXr4czNg-0:05:39.839-0:05:43.443.mp4,,pending,
Dataset/panda/000/-EH_JBPTWHI-0:01:27.153-0:01:33.026.mp4,,pending,
Dataset/panda/000/-EH_JBPTWHI-0:04:09.048-0:04:11.684.mp4,,pending,
Dataset/panda/000/-EK99mJ6Rn8-0:02:28.066-0:02:38.700.mp4,,pending,
Dataset/panda/000/-EK99mJ6Rn8-0:02:40.266-0:02:42.633.mp4,,pending,
Dataset/panda/000/-EQEm4yaO3E-0:00:21.688-0:00:25.225.mp4,,pending,
Dataset/panda/000/-ERBizuiL1M-0:08:21.709-0:08:31.344.mp4,,pending,
Dataset/panda/000/-ERBizuiL1M-0:14:25.573-0:14:32.329.mp4,,pending,
Dataset/panda/000/-EWFbnij7eg-0:01:48.975-0:01:54.581.mp4,,pending,
Dataset/panda/000/-EX44mq4sEk-0:09:05.378-0:09:18.190.mp4,,pending,
Dataset/panda/000/-EXGrTnPHm4-0:11:06.040-0:11:08.080.mp4,,pending,
Dataset/panda/000/-EYW4d4kiBQ-0:05:03.970-0:05:11.444.mp4,,pending,
Dataset/panda/000/-E_IJwfH3rI-0:00:00.934-0:00:08.608.mp4,,pending,
Dataset/panda/000/-E_J88b5t4k-0:04:42.240-0:04:51.499.mp4,,pending,
Dataset/panda/000/-EbEYEDxNXI-0:00:01.400-0:00:12.880.mp4,,pending,
Dataset/panda/000/-EcB0gVJiRE-0:06:21.080-0:06:23.720.mp4,,pending,
Dataset/panda/000/-EcB0gVJiRE-0:15:31.680-0:15:34.360.mp4,,pending,
Dataset/panda/000/-Ei6ofmR45c-0:01:00.518-0:01:03.313.mp4,,pending,
Dataset/panda/000/-EjiM0gh18M-0:03:02.215-0:03:05.685.mp4,,pending,
Dataset/panda/000/-Ek9zkq-rp8-0:07:01.854-0:07:07.460.mp4,,pending,
Dataset/panda/000/-Elb3dTXnaA-0:01:09.120-0:01:13.160.mp4,,pending,
Dataset/panda/000/-EpNtcI_kf0-0:01:15.108-0:01:19.679.mp4,,pending,
Dataset/panda/000/-Ewe5ZMsLs0-0:00:47.533-0:00:52.966.mp4,,pending,
Dataset/panda/000/-EwtOB4UXlI-0:00:16.000-0:00:24.000.mp4,,pending,
Dataset/panda/000/-F-Q5RddF7w-0:05:36.769-0:05:47.480.mp4,,pending,
Dataset/panda/000/-F10vSCaBdw-0:00:19.586-0:00:27.060.mp4,,pending,
Dataset/panda/000/-F5DQA7iiKM-0:09:16.360-0:09:19.600.mp4,,pending,
Dataset/panda/000/-F5ItkT6afE-0:01:55.315-0:02:00.887.mp4,,pending,
Dataset/panda/000/-F7KCiRtmwA-0:09:25.733-0:09:33.500.mp4,,pending,
Dataset/panda/000/-FHay-Lj0MA-0:02:15.320-0:02:17.600.mp4,,pending,
Dataset/panda/000/-FHsXk9fWuE-0:00:41.841-0:00:45.045.mp4,,pending,
Dataset/panda/000/-FKgF3IFWiw-0:10:30.840-0:10:43.840.mp4,,pending,
Dataset/panda/000/-FR4sEmY-54-0:00:58.016-0:01:00.393.mp4,,pending,
Dataset/panda/000/-FSNo0qQF6I-0:05:05.240-0:05:12.960.mp4,,pending,
Dataset/panda/000/-FUk8pUMNEc-0:06:59.018-0:07:02.688.mp4,,pending,
Dataset/panda/000/-FbySQfewjo-0:02:46.480-0:02:49.000.mp4,,pending,
Dataset/panda/000/-Fcb4uHnp6I-0:09:01.120-0:09:05.400.mp4,,pending,
Dataset/panda/000/-Fcb4uHnp6I-0:10:31.120-0:10:35.520.mp4,,pending,
Dataset/panda/000/-Fd1K3QhDI4-0:14:26.360-0:14:28.880.mp4,,pending,
Dataset/panda/000/-Fd8ZzlXdWw-0:01:15.880-0:01:19.720.mp4,,pending,
Dataset/panda/000/-FioietmGSQ-0:00:18.051-0:00:21.488.mp4,,pending,
Dataset/panda/000/-FjZbMMzgio-0:00:44.010-0:00:47.447.mp4,,pending,
Dataset/panda/000/-Fn4j0L8hLI-0:04:06.729-0:04:09.415.mp4,,pending,
Dataset/panda/000/-FnngOcQbkY-0:01:57.909-0:02:02.622.mp4,,pending,
Dataset/panda/000/-Fr9-eb_95g-0:06:43.444-0:06:48.783.mp4,,pending,
Dataset/panda/000/-FtYiP8h6Ck-0:00:08.308-0:00:15.148.mp4,,pending,
Dataset/panda/000/-FzSLCXBF18-0:05:00.400-0:05:03.233.mp4,,pending,
Dataset/panda/000/-G0UMYAyfBE-0:03:56.611-0:03:59.781.mp4,,pending,
Dataset/panda/000/-G0UMYAyfBE-0:05:20.903-0:05:27.035.mp4,,pending,
Dataset/panda/000/-GAfBZiGlZw-0:02:34.988-0:02:39.450.mp4,,pending,
Dataset/panda/000/-GDn9lHIeFw-0:01:22.123-0:01:26.836.mp4,,pending,
Dataset/panda/000/-GLkJcGCcd0-0:00:36.069-0:00:39.339.mp4,,pending,
Dataset/panda/000/-GNEZwyYHB8-0:03:53.066-0:03:57.862.mp4,,pending,
Dataset/panda/000/-GNKzQ0ChMc-0:06:41.880-0:06:46.080.mp4,,pending,
Dataset/panda/000/-GSZwG_s-8A-0:01:15.366-0:01:17.535.mp4,,pending,
Dataset/panda/000/-GSZwG_s-8A-0:02:58.303-0:03:01.890.mp4,,pending,
Dataset/panda/000/-GUsmlYOq7s-0:03:03.820-0:03:09.060.mp4,,pending,
Dataset/panda/000/-GXGWFpFx0E-0:13:46.367-0:13:50.412.mp4,,pending,
Dataset/panda/000/-GYJZGfbRfc-0:00:48.280-0:00:58.560.mp4,,pending,
Dataset/panda/000/-GbAXHL-58U-0:00:59.309-0:01:02.812.mp4,,pending,
Dataset/panda/000/-GfRdoIlwxI-0:00:58.808-0:01:05.940.mp4,,pending,
Dataset/panda/000/-GjInB7AlWY-0:00:00.266-0:00:02.702.mp4,,pending,
Dataset/panda/000/-GjP1kV01c0-0:00:54.333-0:00:59.666.mp4,,pending,
Dataset/panda/000/-GjP1kV01c0-0:01:00.866-0:01:05.400.mp4,,pending,
Dataset/panda/000/-GkG6HAusVM-0:00:00.375-0:00:03.586.mp4,,pending,
Dataset/panda/000/-Gl2zS90Ggg-0:00:00.834-0:00:07.716.mp4,,pending,
Dataset/panda/000/-GnvFXQKTuU-0:00:32.440-0:00:34.600.mp4,,pending,
Dataset/panda/000/-GoFmM0Byvk-0:00:16.216-0:00:27.060.mp4,,pending,
Dataset/panda/000/-Gs-M_HcJGM-0:00:31.920-0:00:38.600.mp4,,pending,
Dataset/panda/000/-GsSWa-TwwM-0:01:49.067-0:01:51.736.mp4,,pending,
Dataset/panda/000/-GuJpK4fC34-0:00:14.480-0:00:18.600.mp4,,pending,
Dataset/panda/000/-GxhS-DJfuk-0:01:22.520-0:01:28.920.mp4,,pending,
Dataset/panda/000/-GxhS-DJfuk-0:05:23.720-0:05:26.400.mp4,,pending,
Dataset/panda/000/-H-eBdX4hy4-0:00:33.299-0:00:38.271.mp4,,pending,
Dataset/panda/000/-H1sGCnbqYQ-0:01:13.373-0:01:15.942.mp4,,pending,
Dataset/panda/000/-H2_9wVFYlM-0:12:39.560-0:12:43.400.mp4,,pending,
Dataset/panda/000/-H6Fo7Pjw5I-0:00:17.240-0:00:20.320.mp4,,pending,
Dataset/panda/000/-H6_CJlowW0-0:06:38.106-0:06:52.954.mp4,,pending,
Dataset/panda/000/-H7_QT_SsU4-0:02:33.640-0:02:39.080.mp4,,pending,
Dataset/panda/000/-H8k-D7kYPw-0:32:45.680-0:32:48.200.mp4,,pending,
Dataset/panda/000/-H8k-D7kYPw-1:05:30.680-1:05:33.600.mp4,,pending,
Dataset/panda/000/-HEC6bBSq98-0:01:06.566-0:01:09.002.mp4,,pending,
Dataset/panda/000/-HEC6bBSq98-0:05:09.709-0:05:13.946.mp4,,pending,
Dataset/panda/000/-HEC6bBSq98-0:08:08.254-0:08:11.123.mp4,,pending,
Dataset/panda/000/-HMipMAma9I-0:00:12.145-0:00:16.583.mp4,,pending,
Dataset/panda/000/-HOIbBske9o-0:03:28.458-0:03:31.502.mp4,,pending,
Dataset/panda/000/-HSFWM7AQHk-0:00:50.480-0:00:53.160.mp4,,pending,
Dataset/panda/000/-HUuBeSy0EU-0:00:00.520-0:00:04.760.mp4,,pending,
Dataset/panda/000/-HUuBeSy0EU-0:03:43.420-0:03:46.900.mp4,,pending,
Dataset/panda/000/-HV-yoD3gmI-0:00:38.760-0:00:44.320.mp4,,pending,
Dataset/panda/000/-HV-yoD3gmI-0:00:45.960-0:00:53.840.mp4,,pending,
Dataset/panda/000/-HYIwK-KxhE-0:00:51.985-0:00:54.254.mp4,,pending,
Dataset/panda/000/-Hhxh0CgOUA-0:01:35.216-0:01:40.766.mp4,,pending,
Dataset/panda/000/-Hhxh0CgOUA-0:04:42.750-0:04:49.200.mp4,,pending,
Dataset/panda/000/-Hj7KIvMSuw-0:04:15.922-0:04:20.635.mp4,,pending,
Dataset/panda/000/-HlF-9PmfIs-0:00:13.213-0:00:16.082.mp4,,pending,
Dataset/panda/000/-Hney_LTZUg-0:01:33.560-0:01:36.429.mp4,,pending,
Dataset/panda/000/-HqTt4Ly6bs-0:04:22.128-0:04:24.297.mp4,,pending,
Dataset/panda/000/-HrFPjXsip8-0:04:36.075-0:04:38.344.mp4,,pending,
Dataset/panda/000/-I2KOAql71A-0:00:41.307-0:00:44.511.mp4,,pending,
Dataset/panda/000/-I4zkHgdw2w-0:06:14.499-0:06:17.710.mp4,,pending,
Dataset/panda/000/-I6tklnYmB8-0:00:26.985-0:00:33.992.mp4,,pending,
Dataset/panda/000/-I7E_39wokE-0:03:15.361-0:03:18.798.mp4,,pending,
Dataset/panda/000/-I7E_39wokE-0:04:51.691-0:04:55.561.mp4,,pending,
Dataset/panda/000/-IB4inixMwQ-0:18:37.549-0:18:40.853.mp4,,pending,
Dataset/panda/000/-IEROUVXK6o-0:13:35.915-0:13:41.520.mp4,,pending,
Dataset/panda/000/-IIYUsa3bIA-0:03:22.960-0:03:29.360.mp4,,pending,
Dataset/panda/000/-IIYUsa3bIA-0:29:09.680-0:29:13.800.mp4,,pending,
Dataset/panda/000/-IR9yYdfL7g-0:00:41.166-0:00:43.543.mp4,,pending,
Dataset/panda/000/-IUBjgQJiBo-0:00:15.240-0:00:17.440.mp4,,pending,
Dataset/panda/000/-IURN4YaDn8-0:00:33.600-0:00:35.935.mp4,,pending,
Dataset/panda/000/-IV8OaieAIo-0:02:04.057-0:02:06.359.mp4,,pending,
Dataset/panda/000/-Ian949JzDw-0:01:27.504-0:01:29.589.mp4,,pending,
Dataset/panda/000/-IcrZJE2M0s-0:05:38.480-0:05:42.520.mp4,,pending,
Dataset/panda/000/-Ie-EoxRh_Q-0:02:18.040-0:02:20.720.mp4,,pending,
Dataset/panda/000/-IjPwCHxhMo-0:00:20.286-0:00:28.928.mp4,,pending,
Dataset/panda/000/-Im_dBINkkI-0:01:23.040-0:01:28.800.mp4,,pending,
Dataset/panda/000/-InZUb9CISs-0:03:44.824-0:03:47.227.mp4,,pending,
Dataset/panda/000/-Iq8pl1Bq3Q-0:00:52.919-0:00:58.625.mp4,,pending,
Dataset/panda/000/-Iq8pl1Bq3Q-0:01:53.079-0:01:56.049.mp4,,pending,
Dataset/panda/000/-IwgRYwo2A0-0:00:35.785-0:00:38.163.mp4,,pending,
Dataset/panda/000/-J1tkMaf4z0-0:01:29.489-0:01:37.130.mp4,,pending,
Dataset/panda/000/-J1tkMaf4z0-0:03:13.226-0:03:23.036.mp4,,pending,
Dataset/panda/000/-J4NYsN2Xz0-0:13:06.752-0:13:09.238.mp4,,pending,
Dataset/panda/000/-J5se0cv8kg-0:00:33.967-0:00:36.269.mp4,,pending,
Dataset/panda/000/-JAVrE9cRis-0:00:00.533-0:00:05.005.mp4,,pending,
Dataset/panda/000/-JERO2LQSKc-0:00:42.917-0:00:45.086.mp4,,pending,
Dataset/panda/000/-JHkXD2qfeY-0:00:10.377-0:00:17.283.mp4,,pending,
Dataset/panda/000/-JKkrzHItoI-0:00:22.088-0:00:27.660.mp4,,pending,
Dataset/panda/000/-JPBABjGu2g-0:07:14.280-0:07:17.720.mp4,,pending,
Dataset/panda/000/-JPBABjGu2g-0:08:29.280-0:08:42.120.mp4,,pending,
Dataset/panda/000/-JPorcEVano-0:02:36.480-0:02:39.200.mp4,,pending,
Dataset/panda/000/-JPorcEVano-0:02:44.200-0:02:46.920.mp4,,pending,
Dataset/panda/000/-JVRv7LU0XI-0:00:47.480-0:00:54.000.mp4,,pending,
Dataset/panda/000/-JbUl9ABJFg-0:05:46.200-0:05:51.800.mp4,,pending,
Dataset/panda/000/-JePKOZU2Eg-0:00:48.248-0:00:53.920.mp4,,pending,
Dataset/panda/000/-JePKOZU2Eg-0:02:09.362-0:02:13.733.mp4,,pending,
Dataset/panda/000/-JkhVvn_dow-0:08:01.360-0:08:03.920.mp4,,pending,
Dataset/panda/000/-JmA5_gHrrM-0:03:41.721-0:03:43.723.mp4,,pending,
Dataset/panda/000/-JmA5_gHrrM-0:04:27.809-0:04:30.561.mp4,,pending,
Dataset/panda/000/-JoHiLDrJ3M-0:00:15.320-0:00:18.640.mp4,,pending,
Dataset/panda/000/-Jr5cOJ-gDk-0:00:10.040-0:00:15.720.mp4,,pending,
Dataset/panda/000/-Jr5cOJ-gDk-0:01:48.200-0:01:52.920.mp4,,pending,
Dataset/panda/000/-Jr5cOJ-gDk-0:02:00.200-0:02:03.120.mp4,,pending,
Dataset/panda/000/-Jr5cOJ-gDk-0:05:29.760-0:05:33.920.mp4,,pending,
Dataset/panda/000/-Jr5cOJ-gDk-0:07:33.760-0:07:36.000.mp4,,pending,
Dataset/panda/000/-JtiuximR5s-0:09:28.100-0:09:35.700.mp4,,pending,
Dataset/panda/000/-JzMscqSTss-0:05:40.406-0:05:46.045.mp4,,pending,
Dataset/panda/000/-JzMscqSTss-0:10:36.802-0:10:43.476.mp4,,pending,
Dataset/panda/000/-K-GVdjtKtQ-0:01:50.780-0:01:52.860.mp4,,pending,
Dataset/panda/000/-K4XPW__WPY-0:05:43.009-0:05:47.722.mp4,,pending,
Dataset/panda/000/-K4XPW__WPY-0:05:49.140-0:05:56.189.mp4,,pending,
Dataset/panda/000/-K6l9_N99dE-0:01:55.348-0:01:58.318.mp4,,pending,
Dataset/panda/000/-K7BtSqN0zQ-0:00:34.200-0:00:37.579.mp4,,pending,
Dataset/panda/000/-K8RNtQTm5Q-0:05:02.593-0:05:05.680.mp4,,pending,
Dataset/panda/000/-KChDM4mLZY-0:00:10.640-0:00:13.560.mp4,,pending,
Dataset/panda/000/-KDEknsE2L4-0:02:19.791-0:02:22.125.mp4,,pending,
Dataset/panda/000/-KFhcV4-hAY-0:03:14.294-0:03:18.014.mp4,,pending,
Dataset/panda/000/-KFhcV4-hAY-0:11:25.334-0:11:29.155.mp4,,pending,
Dataset/panda/000/-KNHaC5pdR4-0:03:56.233-0:03:58.833.mp4,,pending,
Dataset/panda/000/-KQX5-7iBPE-0:08:52.565-0:08:55.368.mp4,,pending,
Dataset/panda/000/-KQY6gNxy3M-0:02:24.080-0:02:28.120.mp4,,pending,
Dataset/panda/000/-KSDwYcpbxg-0:04:30.103-0:04:40.913.mp4,,pending,
Dataset/panda/000/-KVcGN_v95o-0:03:16.654-0:03:20.658.mp4,,pending,
Dataset/panda/000/-KWuh6hzi8E-0:06:49.840-0:06:52.840.mp4,,pending,
Dataset/panda/000/-KWuh6hzi8E-0:08:15.320-0:08:20.840.mp4,,pending,
Dataset/panda/000/-KWuh6hzi8E-0:12:22.920-0:12:26.880.mp4,,pending,
Dataset/panda/000/-KiF550xWso-0:06:40.400-0:06:43.720.mp4,,pending,
Dataset/panda/000/-Kjb3c-EteE-0:05:38.905-0:05:42.141.mp4,,pending,
Dataset/panda/000/-KlsbREUHEc-0:04:46.411-0:04:54.460.mp4,,pending,
Dataset/panda/000/-KonIudN2F4-0:08:25.204-0:08:30.843.mp4,,pending,
Dataset/panda/000/-KpaT5y_gRs-0:06:27.920-0:06:30.056.mp4,,pending,
Dataset/panda/000/-Kpp-0ouFVI-0:02:21.280-0:02:25.320.mp4,,pending,
Dataset/panda/000/-L-BlwXbkEY-0:01:38.866-0:01:46.700.mp4,,pending,
Dataset/panda/000/-L177G18xIg-0:03:56.069-0:03:59.572.mp4,,pending,
Dataset/panda/000/-L44J4irD04-0:02:44.840-0:02:50.000.mp4,,pending,
Dataset/panda/000/-L5L6PCTI8Y-0:10:00.600-0:10:03.360.mp4,,pending,
Dataset/panda/000/-L6AnFdkX_E-0:05:58.480-0:06:01.560.mp4,,pending,
Dataset/panda/000/-L7lxgRwtG8-0:01:08.920-0:01:19.220.mp4,,pending,
Dataset/panda/000/-L8RUTIDEts-0:09:24.363-0:09:33.973.mp4,,pending,
Dataset/panda/000/-LAGrNfGKW0-0:03:08.588-0:03:15.261.mp4,,pending,
Dataset/panda/000/-LAJ9hkCDmM-0:07:15.240-0:07:19.600.mp4,,pending,
Dataset/panda/000/-LCqZeb1de0-0:01:31.674-0:01:35.929.mp4,,pending,
Dataset/panda/000/-LD6VJlMyN8-0:00:21.708-0:00:23.916.mp4,,pending,
Dataset/panda/000/-LFjgMn4Aoo-0:08:35.133-0:08:38.466.mp4,,pending,
Dataset/panda/000/-LG2ZvVcf8Y-0:11:30.360-0:11:34.200.mp4,,pending,
Dataset/panda/000/-LG2ZvVcf8Y-0:23:43.480-0:23:47.800.mp4,,pending,
Dataset/panda/000/-LJe_D8laao-0:01:35.833-0:01:39.833.mp4,,pending,
Dataset/panda/000/-LK6fGe_gHs-0:01:49.943-0:01:53.780.mp4,,pending,
Dataset/panda/000/-LMJLmpxf2w-0:03:42.255-0:03:45.558.mp4,,pending,
Dataset/panda/000/-LNcVciqNP8-0:00:53.470-0:00:56.181.mp4,,pending,
Dataset/panda/000/-LNcVciqNP8-0:01:09.861-0:01:13.198.mp4,,pending,
Dataset/panda/000/-LPI69cRb-U-0:07:09.804-0:07:19.230.mp4,,pending,
Dataset/panda/000/-LScoU-upT4-0:00:36.403-0:00:38.972.mp4,,pending,
Dataset/panda/000/-LScoU-upT4-0:06:26.202-0:06:28.421.mp4,,pending,
Dataset/panda/000/-LUq7cGMWNU-0:03:34.130-0:03:38.301.mp4,,pending,
Dataset/panda/000/-LldikNnJ5k-0:00:00.560-0:00:05.080.mp4,,pending,
Dataset/panda/000/-LnLTf1GU8Q-0:00:22.522-0:00:24.816.mp4,,pending,
Dataset/panda/000/-LnTZFjFDD0-0:00:55.121-0:00:58.391.mp4,,pending,
Dataset/panda/000/-LqfrY87U-0-0:00:14.973-0:00:18.935.mp4,,pending,
Dataset/panda/000/-Lu8tjm2ZtY-0:00:37.570-0:00:42.976.mp4,,pending,
Dataset/panda/000/-LusD6y1yAY-0:03:13.120-0:03:17.600.mp4,,pending,
Dataset/panda/000/-LusD6y1yAY-0:08:33.200-0:08:38.640.mp4,,pending,
Dataset/panda/000/-Luwz6qb_30-0:05:30.533-0:05:37.066.mp4,,pending,
Dataset/panda/000/-LvShlGsQ3k-0:00:00.667-0:00:06.006.mp4,,pending,
Dataset/panda/000/-LvShlGsQ3k-0:00:27.193-0:00:31.765.mp4,,pending,
Dataset/panda/000/-Ly10dq9ZHY-0:00:40.800-0:00:44.840.mp4,,pending,
Dataset/panda/000/-M-x8_pNpgk-0:07:58.544-0:08:02.248.mp4,,pending,
Dataset/panda/000/-M2R2ERSB8s-0:04:17.624-0:04:19.959.mp4,,pending,
Dataset/panda/000/-M4kT5Vxg3I-0:00:35.535-0:00:39.472.mp4,,pending,
Dataset/panda/000/-M4ng8wO_8M-0:01:06.640-0:01:09.520.mp4,,pending,
Dataset/panda/000/-M88ykpTcu4-0:01:42.235-0:01:45.738.mp4,,pending,
Dataset/panda/000/-M9QT-0eMI4-0:00:00.266-0:00:02.635.mp4,,pending,
Dataset/panda/000/-MAVVKM60KQ-0:05:29.796-0:05:34.634.mp4,,pending,
Dataset/panda/000/-MAsXRsOa5s-0:05:16.607-0:05:19.235.mp4,,pending,
Dataset/panda/000/-MAsXRsOa5s-0:05:32.123-0:05:35.168.mp4,,pending,
Dataset/panda/000/-MAsXRsOa5s-0:07:12.223-0:07:15.351.mp4,,pending,
Dataset/panda/000/-MFPctymsyY-0:03:27.999-0:03:30.376.mp4,,pending,
Dataset/panda/000/-MFPctymsyY-0:08:48.986-0:08:51.656.mp4,,pending,
Dataset/panda/000/-MFnnpr-WdA-0:00:46.120-0:00:49.480.mp4,,pending,
Dataset/panda/000/-MFnnpr-WdA-0:03:15.800-0:03:18.880.mp4,,pending,
Dataset/panda/000/-MFtvo2fd3c-0:02:02.440-0:02:05.400.mp4,,pending,
Dataset/panda/000/-MGEmJTogZ8-0:03:06.486-0:03:09.422.mp4,,pending,
Dataset/panda/000/-MJXWNlEvVk-0:01:59.760-0:02:02.480.mp4,,pending,
Dataset/panda/000/-MJX_qD-8nU-0:06:10.120-0:06:13.400.mp4,,pending,
Dataset/panda/000/-MJX_qD-8nU-0:09:19.520-0:09:24.800.mp4,,pending,
Dataset/panda/000/-MQAZtz2qu8-0:01:08.443-0:01:14.365.mp4,,pending,
Dataset/panda/000/-MQAZtz2qu8-0:06:15.291-0:06:18.461.mp4,,pending,
Dataset/panda/000/-MQAZtz2qu8-0:09:12.176-0:09:17.848.mp4,,pending,
Dataset/panda/000/-MUyiJqTdjE-0:00:46.040-0:00:52.800.mp4,,pending,
Dataset/panda/000/-MWmcTK69YI-0:00:51.480-0:00:59.480.mp4,,pending,
Dataset/panda/000/-M_CDe6fvRU-0:00:01.067-0:00:04.637.mp4,,pending,
Dataset/panda/000/-MakCBgpq0s-0:00:00.480-0:00:04.400.mp4,,pending,
Dataset/panda/000/-MalpWxQFbo-0:00:37.620-0:00:40.373.mp4,,pending,
Dataset/panda/000/-Mb7qleaxhQ-0:01:46.856-0:01:52.862.mp4,,pending,
Dataset/panda/000/-Mi5BBjhGMk-0:03:49.229-0:03:53.499.mp4,,pending,
Dataset/panda/000/-MlJY3dXOUQ-0:00:19.800-0:00:23.640.mp4,,pending,
Dataset/panda/000/-MmY7s37Thc-0:11:34.568-0:11:37.655.mp4,,pending,
Dataset/panda/000/-Mmxnpu8zhg-0:07:55.775-0:08:02.215.mp4,,pending,
Dataset/panda/000/-MqiztFdxQA-0:01:15.675-0:01:18.244.mp4,,pending,
Dataset/panda/000/-Mx90Cq1ZxE-0:00:30.760-0:00:33.040.mp4,,pending,
Dataset/panda/000/-MyWKEizJEE-0:00:16.080-0:00:20.000.mp4,,pending,
Dataset/panda/000/-MzKsJVn-Ko-0:01:45.166-0:01:49.458.mp4,,pending,
Dataset/panda/000/-MzKsJVn-Ko-0:02:04.375-0:02:09.833.mp4,,pending,
Dataset/panda/000/-N09ubrylGM-0:00:43.643-0:00:46.546.mp4,,pending,
Dataset/panda/000/-N2mhlvygq0-0:01:04.689-0:01:09.110.mp4,,pending,
Dataset/panda/000/-N8bd01mChM-0:00:21.566-0:00:25.066.mp4,,pending,
Dataset/panda/000/-N8qu2hUmVQ-0:02:25.041-0:02:37.041.mp4,,pending,
Dataset/panda/000/-N8sQqniYbw-0:00:25.658-0:00:27.827.mp4,,pending,
Dataset/panda/000/-N9DCu0b-gk-0:03:08.833-0:03:11.333.mp4,,pending,
Dataset/panda/000/-NC7-6arC9Q-0:04:07.640-0:04:09.720.mp4,,pending,
Dataset/panda/000/-NHRLtFlG-8-0:01:18.178-0:01:20.780.mp4,,pending,
Dataset/panda/000/-NHRLtFlG-8-0:02:59.712-0:03:03.082.mp4,,pending,
Dataset/panda/000/-NN__EN8hSw-0:01:31.633-0:01:38.566.mp4,,pending,
Dataset/panda/000/-NN__EN8hSw-0:02:40.066-0:02:47.033.mp4,,pending,
Dataset/panda/000/-NN__EN8hSw-0:06:20.766-0:06:23.333.mp4,,pending,
Dataset/panda/000/-NNmppKAt5A-0:03:30.376-0:03:35.848.mp4,,pending,
Dataset/panda/000/-NQCi_dbtrQ-0:04:39.279-0:04:41.572.mp4,,pending,
Dataset/panda/000/-NQZ_mA1GAY-0:00:17.920-0:00:24.480.mp4,,pending,
Dataset/panda/000/-NRpuiOcclo-0:01:14.100-0:01:21.666.mp4,,pending,
Dataset/panda/000/-NSS6NsVZr0-0:01:28.021-0:01:34.761.mp4,,pending,
Dataset/panda/000/-NSS6NsVZr0-0:03:03.149-0:03:05.552.mp4,,pending,
Dataset/panda/000/-NZ3IwHGmkw-0:01:24.084-0:01:27.754.mp4,,pending,
Dataset/panda/000/-NcgYRAkdnM-0:08:42.800-0:08:48.640.mp4,,pending,
Dataset/panda/000/-NkhZNYCnI8-0:01:06.958-0:01:09.541.mp4,,pending,
Dataset/panda/000/-NkhZNYCnI8-0:02:03.083-0:02:08.833.mp4,,pending,
Dataset/panda/000/-NlQDoJ2gp0-0:03:39.800-0:03:43.000.mp4,,pending,
Dataset/panda/000/-NpJPbW2GFY-0:02:34.404-0:02:36.990.mp4,,pending,
Dataset/panda/000/-NpbbQ6iHS0-0:00:51.918-0:00:55.455.mp4,,pending,
Dataset/panda/000/-NsCbhXFhUQ-0:13:38.192-0:13:41.529.mp4,,pending,
Dataset/panda/000/-NtVTE68wGc-0:00:21.021-0:00:25.859.mp4,,pending,
Dataset/panda/000/-NtpPdMGluE-0:01:16.785-0:01:20.789.mp4,,pending,
Dataset/panda/000/-Nw8EWUrJuQ-0:03:38.676-0:03:42.305.mp4,,pending,
Dataset/panda/000/-NyGFpE3iGA-0:00:48.600-0:00:50.760.mp4,,pending,
Dataset/panda/000/-O3G5hft2Gk-0:05:31.664-0:05:35.001.mp4,,pending,
Dataset/panda/000/-O4vHF4RwJU-0:04:04.544-0:04:06.679.mp4,,pending,
Dataset/panda/000/-OA4kypTQrw-0:07:45.398-0:07:47.800.mp4,,pending,
Dataset/panda/000/-OGe5b53KH0-1:22:00.120-1:22:02.640.mp4,,pending,
Dataset/panda/000/-OGe5b53KH0-1:46:36.720-1:46:44.360.mp4,,pending,
Dataset/panda/000/-OHbEnHDQhs-0:01:35.678-0:01:39.849.mp4,,pending,
Dataset/panda/000/-OHbEnHDQhs-0:05:44.218-0:05:46.554.mp4,,pending,
Dataset/panda/000/-OHp5DiP11U-0:00:26.901-0:00:30.196.mp4,,pending,
Dataset/panda/000/-OI7PPFmrX4-0:00:30.964-0:00:33.166.mp4,,pending,
Dataset/panda/000/-OLE55GOqQE-0:01:46.840-0:01:49.509.mp4,,pending,
Dataset/panda/000/-ON8ZTCiuYo-0:01:09.778-0:01:13.073.mp4,,pending,
Dataset/panda/000/-OOIeOyVaOY-0:01:27.360-0:01:33.680.mp4,,pending,
Dataset/panda/000/-OPyYUCu56s-0:04:06.112-0:04:08.248.mp4,,pending,
Dataset/panda/000/-ORNiLr0Qc8-0:02:03.720-0:02:08.200.mp4,,pending,
Dataset/panda/000/-OcyB9iWrhk-0:00:25.925-0:00:28.094.mp4,,pending,
Dataset/panda/000/-OeJeJ-6kcM-0:22:08.600-0:22:11.840.mp4,,pending,
Dataset/panda/000/-OeJeJ-6kcM-0:48:10.520-0:48:13.080.mp4,,pending,
Dataset/panda/000/-OfUE8-4wuk-0:01:09.669-0:01:14.107.mp4,,pending,
Dataset/panda/000/-OgPttshCFo-0:02:31.533-0:02:44.366.mp4,,pending,
Dataset/panda/000/-OgVVPeXW4M-0:00:00.240-0:00:02.280.mp4,,pending,
Dataset/panda/000/-Ok-Qj08B-c-0:03:41.971-0:03:44.140.mp4,,pending,
Dataset/panda/000/-OlOMqYyg1s-0:03:20.880-0:03:22.920.mp4,,pending,
Dataset/panda/000/-Olmd-Rz-Tk-0:13:17.240-0:13:21.740.mp4,,pending,
Dataset/panda/000/-Ooin86MinU-0:05:05.638-0:05:09.509.mp4,,pending,
Dataset/panda/000/-OtaxXkUIjM-0:00:53.958-0:00:56.541.mp4,,pending,
Dataset/panda/000/-OvF0o0078M-0:01:25.952-0:01:34.627.mp4,,pending,
Dataset/panda/000/-Oz17PZhA_4-0:01:08.268-0:01:10.737.mp4,,pending,
Dataset/panda/000/-Oz2lWAXSm0-0:01:29.214-0:01:33.218.mp4,,pending,
Dataset/panda/000/-Oz4Z2XtT0w-0:02:02.822-0:02:09.762.mp4,,pending,
Dataset/panda/000/-P4Ogrmz01w-0:00:43.960-0:00:48.006.mp4,,pending,
Dataset/panda/000/-P4crpikM9A-0:00:57.390-0:00:59.893.mp4,,pending,
Dataset/panda/000/-P5rTX8inS4-0:00:50.680-0:00:54.440.mp4,,pending,
Dataset/panda/000/-P5rTX8inS4-0:00:59.520-0:01:05.240.mp4,,pending,
Dataset/panda/000/-P7U_09EU_E-0:02:04.624-0:02:06.659.mp4,,pending,
Dataset/panda/000/-P7j8zG4GYY-0:01:51.760-0:01:54.040.mp4,,pending,
Dataset/panda/000/-P7le5md250-0:03:39.040-0:03:42.160.mp4,,pending,
Dataset/panda/000/-P7le5md250-0:36:45.240-0:36:50.360.mp4,,pending,
Dataset/panda/000/-PENF9BlvCs-0:00:34.434-0:00:36.469.mp4,,pending,
Dataset/panda/000/-PGWq8ZIZ7U-0:01:25.285-0:01:29.656.mp4,,pending,
Dataset/panda/000/-PH5w_8HEHM-0:02:36.480-0:02:42.160.mp4,,pending,
Dataset/panda/000/-PHtLg6IJeI-0:00:42.542-0:00:51.317.mp4,,pending,
Dataset/panda/000/-PIAWOkHfS8-0:02:54.200-0:02:59.640.mp4,,pending,
Dataset/panda/000/-PIRts9A1VE-0:03:49.040-0:03:52.280.mp4,,pending,
Dataset/panda/000/-PJKCTwqTbs-0:00:26.750-0:00:31.416.mp4,,pending,
Dataset/panda/000/-PNqYBguxTU-0:03:40.440-0:03:42.960.mp4,,pending,
Dataset/panda/000/-PRRcoxSb94-0:01:26.286-0:01:29.389.mp4,,pending,
Dataset/panda/000/-PSgBCQpEt8-0:02:13.800-0:02:17.240.mp4,,pending,
Dataset/panda/000/-PSgBCQpEt8-0:06:07.600-0:06:13.200.mp4,,pending,
Dataset/panda/000/-PUdgGIKIpI-0:03:46.125-0:03:55.735.mp4,,pending,
Dataset/panda/000/-PVsoUvbcco-0:01:54.197-0:01:57.158.mp4,,pending,
Dataset/panda/000/-PW1lc8qCV0-0:12:16.777-0:12:22.366.mp4,,pending,
Dataset/panda/000/-PWd7FGR8Wg-0:00:36.280-0:00:39.160.mp4,,pending,
Dataset/panda/000/-PXRikCzQ_w-0:01:45.760-0:01:49.040.mp4,,pending,
Dataset/panda/000/-PZqi1oPXHk-0:06:50.840-0:06:53.760.mp4,,pending,
Dataset/panda/000/-P_WPbPHpNk-0:09:38.377-0:09:42.214.mp4,,pending,
Dataset/panda/000/-Pa9UdXcHzc-0:07:27.780-0:07:36.456.mp4,,pending,
Dataset/panda/000/-PaFe7rsjsg-0:03:31.669-0:03:35.715.mp4,,pending,
Dataset/panda/000/-PbNDTHAoDQ-0:07:12.014-0:07:16.519.mp4,,pending,
Dataset/panda/000/-Pe0MnpeTeA-0:04:37.066-0:04:40.900.mp4,,pending,
Dataset/panda/000/-Pe0MnpeTeA-0:08:43.633-0:08:48.500.mp4,,pending,
Dataset/panda/000/-PkyRkRQ2BE-0:00:33.208-0:00:35.333.mp4,,pending,
Dataset/panda/000/-PrcMEwEoww-0:04:04.611-0:04:06.813.mp4,,pending,
Dataset/panda/000/-PryGih3p_g-0:00:20.120-0:00:25.759.mp4,,pending,
Dataset/panda/000/-PsiWpEXQqE-0:00:45.320-0:00:47.560.mp4,,pending,
Dataset/panda/000/-PuG2UJR_jg-0:00:35.635-0:00:39.906.mp4,,pending,
Dataset/panda/000/-PvnXqR58d8-0:02:41.791-0:02:44.125.mp4,,pending,
Dataset/panda/000/-PwywkMUPfA-0:00:43.840-0:00:46.000.mp4,,pending,
Dataset/panda/000/-PxKyR4SiGU-0:01:35.220-0:01:38.098.mp4,,pending,
Dataset/panda/000/-PxKyR4SiGU-0:06:40.608-0:06:44.654.mp4,,pending,
Dataset/panda/000/-PyqED9tOEU-0:00:09.976-0:00:12.645.mp4,,pending,
Dataset/panda/000/-Q1g6sFo-iY-0:00:31.166-0:00:33.300.mp4,,pending,
Dataset/panda/000/-Q1g6sFo-iY-0:07:12.366-0:07:17.800.mp4,,pending,
Dataset/panda/000/-Q1g6sFo-iY-0:07:22.966-0:07:25.233.mp4,,pending,
Dataset/panda/000/-Q1g6sFo-iY-0:08:20.000-0:08:22.133.mp4,,pending,
Dataset/panda/000/-Q1g6sFo-iY-0:09:39.200-0:09:41.800.mp4,,pending,
Dataset/panda/000/-Q4JUzERl_E-0:03:30.843-0:03:33.112.mp4,,pending,
Dataset/panda/000/-Q6Mm6YkAKw-0:01:59.035-0:02:03.206.mp4,,pending,
Dataset/panda/000/-Q6sKFhvulo-0:06:22.281-0:06:26.986.mp4,,pending,
Dataset/panda/000/-QA8Kr74Uiw-0:00:47.800-0:00:57.080.mp4,,pending,
Dataset/panda/000/-QHntqNqQP4-0:00:29.829-0:00:35.168.mp4,,pending,
Dataset/panda/000/-QKnZQk6YCk-0:02:50.211-0:02:59.429.mp4,,pending,
Dataset/panda/000/-QLrfyfw_Mc-0:09:57.966-0:10:04.633.mp4,,pending,
Dataset/panda/000/-QRAClx_f9A-0:07:30.566-0:07:41.233.mp4,,pending,
Dataset/panda/000/-QT4r2HbpFQ-0:01:18.870-0:01:34.761.mp4,,pending,
Dataset/panda/000/-QTqFK1UsEI-0:06:08.568-0:06:11.337.mp4,,pending,
Dataset/panda/000/-QUjk71liqs-0:01:07.859-0:01:10.570.mp4,,pending,
Dataset/panda/000/-QXV0z8L8J4-0:13:54.833-0:14:05.566.mp4,,pending,
Dataset/panda/000/-QaPtGyJ_-A-0:00:41.416-0:00:44.627.mp4,,pending,
Dataset/panda/000/-Qdrm3QzkKw-0:03:26.039-0:03:30.585.mp4,,pending,
Dataset/panda/000/-Qen8nu4OPk-0:04:59.716-0:05:02.468.mp4,,pending,
Dataset/panda/000/-Qwv1AdcvPg-0:01:09.736-0:01:15.784.mp4,,pending,
Dataset/panda/000/-QxuqC6hN60-0:05:39.200-0:05:43.880.mp4,,pending,
Dataset/panda/000/-QyOXvcikb8-0:02:21.266-0:02:25.937.mp4,,pending,
Dataset/panda/000/-R-WWLHf5Fg-0:00:16.800-0:00:21.240.mp4,,pending,
Dataset/panda/000/-R-WWLHf5Fg-0:01:48.200-0:01:52.000.mp4,,pending,
Dataset/panda/000/-R-WWLHf5Fg-0:01:52.880-0:01:56.760.mp4,,pending,
Dataset/panda/000/-R-wqha3suU-0:01:27.921-0:01:37.630.mp4,,pending,
Dataset/panda/000/-R4GCtyTdUA-0:07:40.120-0:07:42.640.mp4,,pending,
Dataset/panda/000/-R4GCtyTdUA-0:10:07.280-0:10:11.080.mp4,,pending,
Dataset/panda/000/-R61wX-9iZw-0:03:29.626-0:03:36.549.mp4,,pending,
Dataset/panda/000/-R61wX-9iZw-0:04:46.494-0:04:50.456.mp4,,pending,
Dataset/panda/000/-R61wX-9iZw-0:05:01.843-0:05:10.143.mp4,,pending,
Dataset/panda/000/-R61wX-9iZw-0:06:11.954-0:06:15.416.mp4,,pending,
Dataset/panda/000/-R61wX-9iZw-0:07:55.433-0:08:01.981.mp4,,pending,
Dataset/panda/000/-RACrLXUhfo-0:00:26.926-0:00:30.063.mp4,,pending,
Dataset/panda/000/-RAHGdK-D_8-0:00:05.422-0:00:10.301.mp4,,pending,
Dataset/panda/000/-RG7CAwx28I-0:03:00.633-0:03:06.533.mp4,,pending,
Dataset/panda/000/-RJOlK8gGlk-0:00:43.585-0:00:46.463.mp4,,pending,
Dataset/panda/000/-RKTSg7B3tY-0:07:45.498-0:07:49.335.mp4,,pending,
Dataset/panda/000/-RLeFlTj5b0-0:03:17.397-0:03:20.667.mp4,,pending,
Dataset/panda/000/-RMCMONHY3Q-0:36:04.040-0:36:10.960.mp4,,pending,
Dataset/panda/000/-RMk0IxeAxg-0:06:36.312-0:06:40.983.mp4,,pending,
Dataset/panda/000/-RMqrPces0Q-0:01:20.330-0:01:22.707.mp4,,pending,
Dataset/panda/000/-RNwagftIps-0:01:47.958-0:01:53.416.mp4,,pending,
Dataset/panda/000/-ROi4zTvp20-0:01:20.955-0:01:25.001.mp4,,pending,
Dataset/panda/000/-RQ0Ar7_LmE-0:08:35.056-0:08:39.769.mp4,,pending,
Dataset/panda/000/-RQ0Ar7_LmE-0:08:48.694-0:08:53.074.mp4,,pending,
Dataset/panda/000/-RQXE43Pog0-0:06:36.896-0:06:42.802.mp4,,pending,
Dataset/panda/000/-RQePrEnWSQ-0:30:21.320-0:30:25.560.mp4,,pending,
Dataset/panda/000/-RQePrEnWSQ-0:30:50.880-0:30:54.960.mp4,,pending,
Dataset/panda/000/-RReG9lhS3E-0:01:35.920-0:01:38.460.mp4,,pending,
Dataset/panda/000/-RY580j56cY-0:00:00.967-0:00:08.808.mp4,,pending,
Dataset/panda/000/-R_WeJQdiE0-0:02:59.600-0:03:02.280.mp4,,pending,
Dataset/panda/000/-RbKfdZE06w-0:01:05.360-0:01:14.620.mp4,,pending,
Dataset/panda/000/-Rc8WqhjyE0-0:02:38.320-0:02:40.440.mp4,,pending,
Dataset/panda/000/-Rcbl-EjdVU-0:03:29.042-0:03:35.590.mp4,,pending,
Dataset/panda/000/-Rcbl-EjdVU-0:04:53.584-0:04:56.546.mp4,,pending,
Dataset/panda/000/-Rf7DZTsl4U-0:04:28.918-0:04:32.555.mp4,,pending,
Dataset/panda/000/-Rh4gkOJtQI-0:09:10.883-0:09:12.952.mp4,,pending,
Dataset/panda/000/-Rs_telOL1I-0:00:21.021-0:00:24.190.mp4,,pending,
Dataset/panda/000/-Rs_telOL1I-0:02:30.024-0:02:32.068.mp4,,pending,
Dataset/panda/000/-RtW0l6U9CM-0:03:39.520-0:03:43.560.mp4,,pending,
Dataset/panda/000/-RuACfmdmh0-0:02:30.550-0:02:33.386.mp4,,pending,
Dataset/panda/000/-S4CEg3DKEY-0:00:24.991-0:00:36.970.mp4,,pending,
Dataset/panda/000/-S5BYnzocO0-0:02:13.000-0:02:16.320.mp4,,pending,
Dataset/panda/000/-SDI-A8RY5E-0:09:14.353-0:09:20.760.mp4,,pending,
Dataset/panda/000/-SGYqxm5jBc-0:00:17.720-0:00:20.560.mp4,,pending,
Dataset/panda/000/-SH5UFbVqgg-0:04:45.702-0:04:47.996.mp4,,pending,
Dataset/panda/000/-SKLiyLnrw8-0:08:10.200-0:08:14.840.mp4,,pending,
Dataset/panda/000/-SKwo-wD7ZI-0:07:53.039-0:07:55.608.mp4,,pending,
Dataset/panda/000/-SMoxzPRsgc-0:01:25.877-0:01:33.051.mp4,,pending,
Dataset/panda/000/-SNm90CLa9M-0:12:01.345-0:12:04.807.mp4,,pending,
Dataset/panda/000/-SNm90CLa9M-0:12:12.523-0:12:18.195.mp4,,pending,
Dataset/panda/000/-SQB049y2nI-0:07:27.713-0:07:30.483.mp4,,pending,
Dataset/panda/000/-ST3vDM5Ddw-0:00:46.708-0:01:02.708.mp4,,pending,
Dataset/panda/000/-SWTNCh8Ut0-0:01:04.481-0:01:07.358.mp4,,pending,
Dataset/panda/000/-SdHTny9iUU-0:15:19.618-0:15:24.223.mp4,,pending,
Dataset/panda/000/-SfOathG_tM-0:01:18.870-0:01:23.249.mp4,,pending,
Dataset/panda/000/-ShNuJOAYSA-0:01:01.995-0:01:05.532.mp4,,pending,
Dataset/panda/000/-SjBnIOcCFI-0:01:27.387-0:01:35.228.mp4,,pending,
Dataset/panda/000/-SjkEBZUphk-0:00:00.900-0:00:08.341.mp4,,pending,
Dataset/panda/000/-SkeK7t74oo-0:00:10.927-0:00:15.140.mp4,,pending,
Dataset/panda/000/-SkeK7t74oo-0:01:23.041-0:01:26.544.mp4,,pending,
Dataset/panda/000/-SnE8DwBkYo-0:01:14.708-0:01:20.375.mp4,,pending,
Dataset/panda/000/-Sni4t_MaiU-0:00:47.280-0:00:50.040.mp4,,pending,
Dataset/panda/000/-Sni4t_MaiU-0:02:29.320-0:02:32.240.mp4,,pending,
Dataset/panda/000/-Sni4t_MaiU-0:06:18.160-0:06:20.680.mp4,,pending,
Dataset/panda/000/-SvaCYPMgS8-0:02:55.258-0:02:59.304.mp4,,pending,
Dataset/panda/000/-SveFqhfs2c-0:00:00.920-0:00:03.760.mp4,,pending,
Dataset/panda/000/-SzI_MuHyYg-0:13:58.671-0:14:05.344.mp4,,pending,
Dataset/panda/000/-TEREOWmRho-0:01:39.240-0:01:41.320.mp4,,pending,
Dataset/panda/000/-TFtc_fQnuk-1:07:28.916-1:07:39.683.mp4,,pending,
Dataset/panda/000/-TG77RKr5HY-0:10:17.783-0:10:21.287.mp4,,pending,
Dataset/panda/000/-TGj227OVKY-0:02:33.820-0:02:37.490.mp4,,pending,
Dataset/panda/000/-TKFDc6iVec-0:09:42.048-0:09:44.216.mp4,,pending,
Dataset/panda/000/-TLCpfoKmBw-0:02:33.778-0:02:35.947.mp4,,pending,
Dataset/panda/000/-TP9dpw8GUo-0:03:46.392-0:03:54.400.mp4,,pending,
Dataset/panda/000/-TPQS0e6v48-0:00:37.787-0:00:53.803.mp4,,pending,
Dataset/panda/000/-TSX_0rwPNc-0:00:36.119-0:00:38.955.mp4,,pending,
Dataset/panda/000/-TUaLppuaac-0:00:17.350-0:00:20.987.mp4,,pending,
Dataset/panda/000/-TWCduCWI34-0:00:25.508-0:00:29.029.mp4,,pending,
Dataset/panda/000/-T_GRqpSaKE-0:05:07.800-0:05:14.580.mp4,,pending,
Dataset/panda/000/-T_GRqpSaKE-0:11:18.080-0:11:20.940.mp4,,pending,
Dataset/panda/000/-Tam26Yq4go-0:00:36.369-0:00:41.082.mp4,,pending,
Dataset/panda/000/-Tam26Yq4go-0:01:56.074-0:01:59.327.mp4,,pending,
Dataset/panda/000/-Td24Y78wdg-0:01:59.919-0:02:12.732.mp4,,pending,
Dataset/panda/000/-Tl-QhN7QWo-0:00:41.624-0:00:44.169.mp4,,pending,
Dataset/panda/000/-TlAleqwzXA-0:15:46.028-0:15:51.700.mp4,,pending,
Dataset/panda/000/-TmrOq2o7hE-0:01:28.240-0:01:31.400.mp4,,pending,
Dataset/panda/000/-TmrOq2o7hE-0:05:11.120-0:05:16.600.mp4,,pending,
Dataset/panda/000/-Tq3B9tOR2k-0:01:29.320-0:01:31.440.mp4,,pending,
Dataset/panda/000/-TrbebHc7UM-0:01:33.000-0:01:35.280.mp4,,pending,
Dataset/panda/000/-Ttdrn_ljsg-0:02:08.561-0:02:10.797.mp4,,pending,
Dataset/panda/000/-Ttdrn_ljsg-0:07:50.970-0:07:56.342.mp4,,pending,
Dataset/panda/000/-Tu92BaAFts-0:05:25.658-0:05:27.827.mp4,,pending,
Dataset/panda/000/-Tu92BaAFts-0:11:04.830-0:11:07.625.mp4,,pending,
Dataset/panda/000/-TuSG6Zx5yE-0:53:59.536-0:54:07.277.mp4,,pending,
Dataset/panda/000/-TuSG6Zx5yE-1:41:16.003-1:41:20.407.mp4,,pending,
Dataset/panda/000/-TuSG6Zx5yE-1:57:45.858-1:57:53.299.mp4,,pending,
Dataset/panda/000/-TvgGgdR5Oo-0:07:11.216-0:07:14.100.mp4,,pending,
Dataset/panda/000/-TvgGgdR5Oo-0:13:51.883-0:13:58.566.mp4,,pending,
Dataset/panda/000/-Txot1wGJkQ-0:04:18.258-0:04:21.861.mp4,,pending,
Dataset/panda/000/-Ty954HEuAM-0:00:15.466-0:00:20.266.mp4,,pending,
Dataset/panda/000/-U7-MQTDjfs-0:02:32.200-0:02:35.480.mp4,,pending,
Dataset/panda/000/-UKwRAmEWqY-0:00:35.435-0:00:46.179.mp4,,pending,
Dataset/panda/000/-UNApJE1bTo-0:02:06.417-0:02:13.758.mp4,,pending,
Dataset/panda/000/-UQqBBhkGJ8-0:02:54.766-0:03:01.200.mp4,,pending,
Dataset/panda/000/-UQqBBhkGJ8-0:04:01.600-0:04:12.366.mp4,,pending,
Dataset/panda/000/-UQrSiNMh6w-0:01:36.629-0:01:40.333.mp4,,pending,
Dataset/panda/000/-UWViYSIQzM-0:06:55.266-0:06:59.483.mp4,,pending,
Dataset/panda/000/-U_KQ2HwJwg-0:04:52.859-0:04:58.765.mp4,,pending,
Dataset/panda/000/-Uavunv_06s-0:08:23.120-0:08:25.800.mp4,,pending,
Dataset/panda/000/-Ub0UGl9-Xk-0:06:05.498-0:06:11.270.mp4,,pending,
Dataset/panda/000/-Ub0UGl9-Xk-0:17:19.938-0:17:23.709.mp4,,pending,
Dataset/panda/000/-UbmV2dsyEU-0:02:40.000-0:02:47.840.mp4,,pending,
Dataset/panda/000/-UcVN1sOVZI-0:01:32.500-0:01:42.333.mp4,,pending,
Dataset/panda/000/-UeI9bIBP7g-0:00:10.051-0:00:14.764.mp4,,pending,
Dataset/panda/000/-UeqMyWzaYA-0:00:39.239-0:00:44.077.mp4,,pending,
Dataset/panda/000/-UfHKmal9kM-0:03:14.960-0:03:29.080.mp4,,pending,
Dataset/panda/000/-UffnxehAVQ-0:05:21.863-0:05:36.669.mp4,,pending,
Dataset/panda/000/-Ui3Jv0Fo10-0:00:28.695-0:00:31.740.mp4,,pending,
Dataset/panda/000/-Ui3Jv0Fo10-0:03:05.143-0:03:07.854.mp4,,pending,
Dataset/panda/000/-Ui3Jv0Fo10-0:03:31.085-0:03:33.796.mp4,,pending,
Dataset/panda/000/-UigXhnuBTY-0:04:05.912-0:04:11.834.mp4,,pending,
Dataset/panda/000/-UizSHctq3A-0:00:46.080-0:00:51.640.mp4,,pending,
Dataset/panda/000/-UrfIUcFGq4-0:11:37.797-0:11:41.534.mp4,,pending,
Dataset/panda/000/-UsPb0YT-Oc-0:00:01.000-0:00:09.000.mp4,,pending,
Dataset/panda/000/-UsPb0YT-Oc-0:01:07.560-0:01:14.220.mp4,,pending,
Dataset/panda/000/-UwRi07bjng-0:03:01.723-0:03:07.187.mp4,,pending,
Dataset/panda/000/-V-epf0Gn_U-0:01:01.440-0:01:13.000.mp4,,pending,
Dataset/panda/000/-V7H2-vcpmQ-0:11:01.494-0:11:05.915.mp4,,pending,
Dataset/panda/000/-V7H2-vcpmQ-0:11:06.916-0:11:10.961.mp4,,pending,
Dataset/panda/000/-VEIyPCv6-4-0:01:53.120-0:01:56.960.mp4,,pending,
Dataset/panda/000/-VIVjd0Agl0-0:01:55.748-0:02:01.020.mp4,,pending,
Dataset/panda/000/-VJNeiZgS-U-0:03:52.880-0:03:55.360.mp4,,pending,
Dataset/panda/000/-VRkFotoAcU-0:02:36.080-0:02:45.040.mp4,,pending,
Dataset/panda/000/-VRkFotoAcU-0:04:15.760-0:04:18.880.mp4,,pending,
Dataset/panda/000/-VS857Fepfs-0:04:37.400-0:04:40.120.mp4,,pending,
Dataset/panda/000/-VS857Fepfs-0:05:44.160-0:05:49.640.mp4,,pending,
Dataset/panda/000/-VTUDmwtPT8-0:01:48.608-0:01:57.951.mp4,,pending,
Dataset/panda/000/-VWmVsRjPzY-0:00:00.600-0:00:05.433.mp4,,pending,
Dataset/panda/000/-VXaqS1quRA-0:15:34.900-0:15:37.836.mp4,,pending,
Dataset/panda/000/-V_zVfRO368-0:01:47.640-0:01:55.960.mp4,,pending,
Dataset/panda/000/-Vd4G4sD-b4-0:05:23.364-0:05:25.533.mp4,,pending,
Dataset/panda/000/-VeoVQDUXJg-0:09:32.572-0:09:36.509.mp4,,pending,
Dataset/panda/000/-Vgn21-miN0-0:06:01.235-0:06:07.116.mp4,,pending,
Dataset/panda/000/-VjT3yDUUXw-0:02:10.672-0:02:13.299.mp4,,pending,
Dataset/panda/000/-Vkw29IsZKg-0:03:30.093-0:03:34.347.mp4,,pending,
Dataset/panda/000/-VoYIPmKlhQ-0:07:33.620-0:07:41.760.mp4,,pending,
Dataset/panda/000/-Vv5o3oYAmg-0:00:55.221-0:00:58.725.mp4,,pending,
Dataset/panda/000/-Vv5o3oYAmg-0:04:14.220-0:04:23.096.mp4,,pending,
Dataset/panda/000/-Vv5o3oYAmg-0:04:24.998-0:04:31.671.mp4,,pending,
Dataset/panda/000/-Vyh4hJT1vg-0:23:33.480-0:23:36.040.mp4,,pending,
Dataset/panda/000/-W-jFCPLvZA-0:07:54.200-0:07:59.966.mp4,,pending,
Dataset/panda/000/-W3KL7JIoRc-0:00:01.067-0:00:09.843.mp4,,pending,
Dataset/panda/000/-W6Rt-T2x1k-0:00:01.034-0:00:09.442.mp4,,pending,
Dataset/panda/000/-W6Rt-T2x1k-0:01:14.307-0:01:17.811.mp4,,pending,
Dataset/panda/000/-W9ZD7SWa1I-0:11:07.083-0:11:11.087.mp4,,pending,
Dataset/panda/000/-WFTicdSw2U-0:03:17.797-0:03:22.335.mp4,,pending,
Dataset/panda/000/-WG1MtDMqBw-0:00:05.705-0:00:09.576.mp4,,pending,
Dataset/panda/000/-WKqCGRwaQo-0:02:56.593-0:02:58.887.mp4,,pending,
Dataset/panda/000/-WKqCGRwaQo-0:03:13.318-0:03:18.948.mp4,,pending,
Dataset/panda/000/-WKqCGRwaQo-0:03:27.582-0:03:30.627.mp4,,pending,
Dataset/panda/000/-WKqCGRwaQo-0:05:00.425-0:05:04.512.mp4,,pending,
Dataset/panda/000/-WL1Co2oy7g-0:03:14.280-0:03:16.320.mp4,,pending,
Dataset/panda/000/-WM6qgMpLT4-0:04:22.061-0:04:26.499.mp4,,pending,
Dataset/panda/000/-WOSd6O4EBQ-0:06:46.760-0:06:48.800.mp4,,pending,
Dataset/panda/000/-WQVfhEmy0A-0:02:14.280-0:02:17.400.mp4,,pending,
Dataset/panda/000/-WQVfhEmy0A-0:03:52.480-0:03:54.560.mp4,,pending,
Dataset/panda/000/-WSfW9EaJqw-0:00:29.029-0:00:31.740.mp4,,pending,
Dataset/panda/000/-WSfW9EaJqw-0:00:38.246-0:00:40.874.mp4,,pending,
Dataset/panda/000/-WU7tXz-dHM-0:01:20.622-0:01:25.418.mp4,,pending,
Dataset/panda/000/-WXtV5U8Xas-0:02:08.628-0:02:11.673.mp4,,pending,
Dataset/panda/000/-WYWPfqLUpE-0:00:21.200-0:00:24.120.mp4,,pending,
Dataset/panda/000/-WYiFx4AWTQ-0:01:33.000-0:01:35.600.mp4,,pending,
Dataset/panda/000/-W_CUUblLEI-0:04:01.699-0:04:11.292.mp4,,pending,
Dataset/panda/000/-W_CUUblLEI-0:10:19.076-0:10:26.417.mp4,,pending,
Dataset/panda/000/-WbO6A-bD70-0:01:49.440-0:01:52.360.mp4,,pending,
Dataset/panda/000/-WbmIsgoF_A-0:01:07.108-0:01:10.487.mp4,,pending,
Dataset/panda/000/-WftrMuBMOg-0:02:35.700-0:02:38.666.mp4,,pending,
Dataset/panda/000/-WiHsf7joLY-0:00:10.043-0:00:13.980.mp4,,pending,
